version_uri,book,author_id,genre,genre_source,author_genre,admission_path,note
0285IbnYazidMubarrad.KamilFiLugha.Shamela0008505-ara1,0285IbnYazidMubarrad.KamilFiLugha,0285IbnYazidMubarrad,adab_prose,title,adab_prose,standard,fallback tytulowy → adab_prose (09_DECISIONS.md §4 krok 2)
0285IbnYazidMubarrad.Muqtadab.Shamela0006965-ara1,0285IbnYazidMubarrad.Muqtadab,0285IbnYazidMubarrad,adab_prose,title,adab_prose,standard,fallback tytulowy → adab_prose (09_DECISIONS.md §4 krok 2)
0356AbuCaliQali.AmaliFiLugha.JK000919BK1-ara1,0356AbuCaliQali.AmaliFiLugha,0356AbuCaliQali,adab_prose,title,adab_prose,standard,fallback tytulowy → adab_prose (09_DECISIONS.md §4 krok 2)
0356AbuCaliQali.DhaylAmali.JK000919BK2-ara1,0356AbuCaliQali.DhaylAmali,0356AbuCaliQali,adab_prose,title,adab_prose,standard,fallback tytulowy → adab_prose (09_DECISIONS.md §4 krok 2)
0356AbuCaliQali.Nawadir.JK000919BK3-ara1,0356AbuCaliQali.Nawadir,0356AbuCaliQali,adab_prose,title,adab_prose,standard,fallback tytulowy → adab_prose (09_DECISIONS.md §4 krok 2)
0362AbuFarajIsbahani.AdabGhuraba.ShamAY0034452-ara1,0362AbuFarajIsbahani.AdabGhuraba,0362AbuFarajIsbahani,adab_prose,title,history,standard,fallback tytulowy → adab_prose (09_DECISIONS.md §4 krok 2)
0375IkhwanSafa.Rasail.Hindawi095926405Vols-ara1,0375IkhwanSafa.Rasail,0375IkhwanSafa,adab_prose,title,adab_prose,standard,fallback tytulowy → adab_prose (09_DECISIONS.md §4 krok 2)
0381IbnBabawayhSaduq.Amali.Shia001134-ara1,0381IbnBabawayhSaduq.Amali,0381IbnBabawayhSaduq,adab_prose,title,other,standard,fallback tytulowy → adab_prose (09_DECISIONS.md §4 krok 2)
0388AbuSulaymanKhattabi.BayanIcjazQuran.Sham19Y0013900-ara1,0388AbuSulaymanKhattabi.BayanIcjazQuran,0388AbuSulaymanKhattabi,adab_prose,title,hadith_collection,standard,fallback tytulowy → adab_prose (09_DECISIONS.md §4 krok 2)
0413AbuIshaqHusri.ZahrAdab.JK009230-ara1,0413AbuIshaqHusri.ZahrAdab,0413AbuIshaqHusri,adab_prose,title,adab_prose,standard,fallback tytulowy → adab_prose (09_DECISIONS.md §4 krok 2)
0450AbuHasanMawardi.AdabDunyaWaDin.JK011658-ara1,0450AbuHasanMawardi.AdabDunyaWaDin,0450AbuHasanMawardi,adab_prose,tag:_AKHLAQ,fiqh,standard,"tag OpenITI _AKHLAQ → adab_prose (data/reference/openiti_tag_genre_map.csv, 09_DECISIONS.md §4 krok 1)"
0456IbnHazm.AkhlaqWaSiyar.JK000426-ara1,0456IbnHazm.AkhlaqWaSiyar,0456IbnHazm,adab_prose,tag:_AKHLAQ,hadith_collection,standard,"tag OpenITI _AKHLAQ → adab_prose (data/reference/openiti_tag_genre_map.csv, 09_DECISIONS.md §4 krok 1)"
0456IbnHazm.Talkhis.JK009349-ara1,0456IbnHazm.Talkhis,0456IbnHazm,adab_prose,tag:_AKHLAQ,hadith_collection,standard,"tag OpenITI _AKHLAQ → adab_prose (data/reference/openiti_tag_genre_map.csv, 09_DECISIONS.md §4 krok 1)"
0458Bayhaqi.Adab.Shamela0008203-ara1,0458Bayhaqi.Adab,0458Bayhaqi,adab_prose,title,other,standard,fallback tytulowy → adab_prose (09_DECISIONS.md §4 krok 2)
0460ShaykhTusi.Amali.Shia001334-ara1,0460ShaykhTusi.Amali,0460ShaykhTusi,adab_prose,title,fiqh,standard,fallback tytulowy → adab_prose (09_DECISIONS.md §4 krok 2)
0460ShaykhTusi.RasailCashar.Masaha001023-ara1,0460ShaykhTusi.RasailCashar,0460ShaykhTusi,adab_prose,title,fiqh,standard,fallback tytulowy → adab_prose (09_DECISIONS.md §4 krok 2)
0465IbnHawazinQushayri.RisalaQushayriyya.JK009321-ara1,0465IbnHawazinQushayri.RisalaQushayriyya,0465IbnHawazinQushayri,adab_prose,tag:_AKHLAQ,tafsir,standard,"tag OpenITI _AKHLAQ → adab_prose (data/reference/openiti_tag_genre_map.csv, 09_DECISIONS.md §4 krok 1)"
0500Anonymous.MajmucatRasailJahiz.Shamela0010428BK1-ara1,0500Anonymous.MajmucatRasailJahiz,0500Anonymous,adab_prose,title,adab_prose,standard,fallback tytulowy → adab_prose (09_DECISIONS.md §4 krok 2)
0505Ghazali.AsnafMaghrurin.JK010255-ara1,0505Ghazali.AsnafMaghrurin,0505Ghazali,adab_prose,tag:_AKHLAQ,adab_prose,standard,"tag OpenITI _AKHLAQ → adab_prose (data/reference/openiti_tag_genre_map.csv, 09_DECISIONS.md §4 krok 1)"
0505Ghazali.IhyaCulumDin.JK000001-ara1,0505Ghazali.IhyaCulumDin,0505Ghazali,adab_prose,tag:_AKHLAQ,adab_prose,standard,"tag OpenITI _AKHLAQ → adab_prose (data/reference/openiti_tag_genre_map.csv, 09_DECISIONS.md §4 krok 1)"
0505Ghazali.MajmucatRasail.ShamAY0034797-ara1,0505Ghazali.MajmucatRasail,0505Ghazali,adab_prose,title,adab_prose,standard,fallback tytulowy → adab_prose (09_DECISIONS.md §4 krok 2)
0505Ghazali.MishkatAnwar.JK009401-ara1,0505Ghazali.MishkatAnwar,0505Ghazali,adab_prose,tag:_AKHLAQ,adab_prose,standard,"tag OpenITI _AKHLAQ → adab_prose (data/reference/openiti_tag_genre_map.csv, 09_DECISIONS.md §4 krok 1)"
0505Ghazali.MizanCamal.JK009289-ara1,0505Ghazali.MizanCamal,0505Ghazali,adab_prose,tag:_AKHLAQ,adab_prose,standard,"tag OpenITI _AKHLAQ → adab_prose (data/reference/openiti_tag_genre_map.csv, 09_DECISIONS.md §4 krok 1)"
0505Ghazali.Munqidh.JK009330-ara1,0505Ghazali.Munqidh,0505Ghazali,adab_prose,tag:_AKHLAQ,adab_prose,standard,"tag OpenITI _AKHLAQ → adab_prose (data/reference/openiti_tag_genre_map.csv, 09_DECISIONS.md §4 krok 1)"
0505Ghazali.SirrCalamin.JK009402-ara1,0505Ghazali.SirrCalamin,0505Ghazali,adab_prose,tag:_AKHLAQ,adab_prose,standard,"tag OpenITI _AKHLAQ → adab_prose (data/reference/openiti_tag_genre_map.csv, 09_DECISIONS.md §4 krok 1)"
0521IbnMuhammadBatalyawsi.Iqtidab.Sham19Y0017681-ara1,0521IbnMuhammadBatalyawsi.Iqtidab,0521IbnMuhammadBatalyawsi,adab_prose,title,adab_prose,standard,fallback tytulowy → adab_prose (09_DECISIONS.md §4 krok 2)
0521IbnMuhammadBatalyawsi.RasailFiLugha.Sham19Y0018275-ara1,0521IbnMuhammadBatalyawsi.RasailFiLugha,0521IbnMuhammadBatalyawsi,adab_prose,title,adab_prose,standard,fallback tytulowy → adab_prose (09_DECISIONS.md §4 krok 2)
0540AbuMansurJawaliqi.SharhAdabKatib.JK010646-ara1,0540AbuMansurJawaliqi.SharhAdabKatib,0540AbuMansurJawaliqi,adab_prose,title,adab_prose,standard,fallback tytulowy → adab_prose (09_DECISIONS.md §4 krok 2)
0542IbnCaliDiyaDinIbnShajari.Amali.Sham19Y0120922-ara1,0542IbnCaliDiyaDinIbnShajari.Amali,0542IbnCaliDiyaDinIbnShajari,adab_prose,title,adab_prose,standard,fallback tytulowy → adab_prose (09_DECISIONS.md §4 krok 2)
0542IbnCaliDiyaDinIbnShajari.MaLamYunshar.Shamela0005354-ara1,0542IbnCaliDiyaDinIbnShajari.MaLamYunshar,0542IbnCaliDiyaDinIbnShajari,adab_prose,title,adab_prose,standard,fallback tytulowy → adab_prose (09_DECISIONS.md §4 krok 2)
0571IbnCasakir.AmaliFiNafyTashbih.ShamAY0033710-ara1,0571IbnCasakir.AmaliFiNafyTashbih,0571IbnCasakir,adab_prose,title,history,standard,fallback tytulowy → adab_prose (09_DECISIONS.md §4 krok 2)
0584IbnMunqidhShayzari.LubabAdab.JK010729-ara1,0584IbnMunqidhShayzari.LubabAdab,0584IbnMunqidhShayzari,adab_prose,title,adab_prose,standard,fallback tytulowy → adab_prose (09_DECISIONS.md §4 krok 2)
0597IbnJawzi.AdabHasanBasri.ShamAY0034570-ara1,0597IbnJawzi.AdabHasanBasri,0597IbnJawzi,adab_prose,title,history,standard,fallback tytulowy → adab_prose (09_DECISIONS.md §4 krok 2)
0597IbnJawzi.BirrWalidayn.JK010244-ara1,0597IbnJawzi.BirrWalidayn,0597IbnJawzi,adab_prose,tag:_AKHLAQ,history,standard,"tag OpenITI _AKHLAQ → adab_prose (data/reference/openiti_tag_genre_map.csv, 09_DECISIONS.md §4 krok 1)"
0597IbnJawzi.DhammHawa.JK000003-ara1,0597IbnJawzi.DhammHawa,0597IbnJawzi,adab_prose,tag:_AKHLAQ,history,standard,"tag OpenITI _AKHLAQ → adab_prose (data/reference/openiti_tag_genre_map.csv, 09_DECISIONS.md §4 krok 1)"
0597IbnJawzi.TadhkiraFiWacz.JK000074-ara1,0597IbnJawzi.TadhkiraFiWacz,0597IbnJawzi,adab_prose,tag:_AKHLAQ,history,standard,"tag OpenITI _AKHLAQ → adab_prose (data/reference/openiti_tag_genre_map.csv, 09_DECISIONS.md §4 krok 1)"
0637IbnAthirDiyaDin.MathalSair.Shamela0010551-ara1,0637IbnAthirDiyaDin.MathalSair,0637IbnAthirDiyaDin,adab_prose,title,adab_prose,standard,fallback tytulowy → adab_prose (09_DECISIONS.md §4 krok 2)
0638IbnCarabi.FutuhatMakkiyya.JK009237-ara1,0638IbnCarabi.FutuhatMakkiyya,0638IbnCarabi,adab_prose,tag:_AKHLAQ,adab_prose,standard,"tag OpenITI _AKHLAQ → adab_prose (data/reference/openiti_tag_genre_map.csv, 09_DECISIONS.md §4 krok 1)"
0676Nawawi.BustanCarifin.JK009329-ara1,0676Nawawi.BustanCarifin,0676Nawawi,adab_prose,tag:_AKHLAQ,fiqh,standard,"tag OpenITI _AKHLAQ → adab_prose (data/reference/openiti_tag_genre_map.csv, 09_DECISIONS.md §4 krok 1)"
0728IbnTaymiyya.AmradQulub.JK000079-ara1,0728IbnTaymiyya.AmradQulub,0728IbnTaymiyya,adab_prose,tag:_AKHLAQ,other,standard,"tag OpenITI _AKHLAQ → adab_prose (data/reference/openiti_tag_genre_map.csv, 09_DECISIONS.md §4 krok 1)"
0728IbnTaymiyya.Istiqama.JK000028-ara1,0728IbnTaymiyya.Istiqama,0728IbnTaymiyya,adab_prose,tag:_AKHLAQ,other,standard,"tag OpenITI _AKHLAQ → adab_prose (data/reference/openiti_tag_genre_map.csv, 09_DECISIONS.md §4 krok 1)"
0728IbnTaymiyya.MajmucatRasailWaMasail.Shamela0011730-ara1,0728IbnTaymiyya.MajmucatRasailWaMasail,0728IbnTaymiyya,adab_prose,title,other,standard,fallback tytulowy → adab_prose (09_DECISIONS.md §4 krok 2)
0728IbnTaymiyya.QacidaFiMahabba.JK000379-ara1,0728IbnTaymiyya.QacidaFiMahabba,0728IbnTaymiyya,adab_prose,tag:_AKHLAQ,other,standard,"tag OpenITI _AKHLAQ → adab_prose (data/reference/openiti_tag_genre_map.csv, 09_DECISIONS.md §4 krok 1)"
0728IbnTaymiyya.RisalaFiTahqiqShukr.JK000900-ara1,0728IbnTaymiyya.RisalaFiTahqiqShukr,0728IbnTaymiyya,adab_prose,tag:_AKHLAQ,other,standard,"tag OpenITI _AKHLAQ → adab_prose (data/reference/openiti_tag_genre_map.csv, 09_DECISIONS.md §4 krok 1)"
0728IbnTaymiyya.RisalaFiWaIstacinuBiSabr.JK000898-ara1,0728IbnTaymiyya.RisalaFiWaIstacinuBiSabr,0728IbnTaymiyya,adab_prose,tag:_AKHLAQ,other,standard,"tag OpenITI _AKHLAQ → adab_prose (data/reference/openiti_tag_genre_map.csv, 09_DECISIONS.md §4 krok 1)"
0728IbnTaymiyya.TuhfaCiraqiyya.JK000075-ara1,0728IbnTaymiyya.TuhfaCiraqiyya,0728IbnTaymiyya,adab_prose,tag:_AKHLAQ,other,standard,"tag OpenITI _AKHLAQ → adab_prose (data/reference/openiti_tag_genre_map.csv, 09_DECISIONS.md §4 krok 1)"
0728IbnTaymiyya.ZuhdWaWarac.JK000077-ara1,0728IbnTaymiyya.ZuhdWaWarac,0728IbnTaymiyya,adab_prose,tag:_AKHLAQ,other,standard,"tag OpenITI _AKHLAQ → adab_prose (data/reference/openiti_tag_genre_map.csv, 09_DECISIONS.md §4 krok 1)"
0748Dhahabi.WasiyyaLiMuhammadIbnRafic.JK009400-ara1,0748Dhahabi.WasiyyaLiMuhammadIbnRafic,0748Dhahabi,adab_prose,tag:_AKHLAQ,hadith_collection,standard,"tag OpenITI _AKHLAQ → adab_prose (data/reference/openiti_tag_genre_map.csv, 09_DECISIONS.md §4 krok 1)"
0748Dhahabi.ZaghlCilm.JK006953-ara1,0748Dhahabi.ZaghlCilm,0748Dhahabi,adab_prose,tag:_AKHLAQ,hadith_collection,standard,"tag OpenITI _AKHLAQ → adab_prose (data/reference/openiti_tag_genre_map.csv, 09_DECISIONS.md §4 krok 1)"
0751IbnQayyimJawziyya.BadaicFawaid.JK000064-ara1,0751IbnQayyimJawziyya.BadaicFawaid,0751IbnQayyimJawziyya,adab_prose,tag:_AKHLAQ,other,standard,"tag OpenITI _AKHLAQ → adab_prose (data/reference/openiti_tag_genre_map.csv, 09_DECISIONS.md §4 krok 1)"
0751IbnQayyimJawziyya.CuddatSabirin.JK000057-ara1,0751IbnQayyimJawziyya.CuddatSabirin,0751IbnQayyimJawziyya,adab_prose,tag:_AKHLAQ,other,standard,"tag OpenITI _AKHLAQ → adab_prose (data/reference/openiti_tag_genre_map.csv, 09_DECISIONS.md §4 krok 1)"
0751IbnQayyimJawziyya.DaWaDawa.JK000062-ara1,0751IbnQayyimJawziyya.DaWaDawa,0751IbnQayyimJawziyya,adab_prose,tag:_AKHLAQ,other,standard,"tag OpenITI _AKHLAQ → adab_prose (data/reference/openiti_tag_genre_map.csv, 09_DECISIONS.md §4 krok 1)"
0751IbnQayyimJawziyya.Fawaid.JK000060-ara1,0751IbnQayyimJawziyya.Fawaid,0751IbnQayyimJawziyya,adab_prose,tag:_AKHLAQ,other,standard,"tag OpenITI _AKHLAQ → adab_prose (data/reference/openiti_tag_genre_map.csv, 09_DECISIONS.md §4 krok 1)"
0751IbnQayyimJawziyya.JalaAfham.JK000088-ara1,0751IbnQayyimJawziyya.JalaAfham,0751IbnQayyimJawziyya,adab_prose,tag:_AKHLAQ,other,standard,"tag OpenITI _AKHLAQ → adab_prose (data/reference/openiti_tag_genre_map.csv, 09_DECISIONS.md §4 krok 1)"
0751IbnQayyimJawziyya.JawabFiSiyaghHamd.JK000059-ara1,0751IbnQayyimJawziyya.JawabFiSiyaghHamd,0751IbnQayyimJawziyya,adab_prose,tag:_AKHLAQ,other,standard,"tag OpenITI _AKHLAQ → adab_prose (data/reference/openiti_tag_genre_map.csv, 09_DECISIONS.md §4 krok 1)"
0751IbnQayyimJawziyya.MadarijSalikin.JK000081-ara1,0751IbnQayyimJawziyya.MadarijSalikin,0751IbnQayyimJawziyya,adab_prose,tag:_AKHLAQ,other,standard,"tag OpenITI _AKHLAQ → adab_prose (data/reference/openiti_tag_genre_map.csv, 09_DECISIONS.md §4 krok 1)"
0751IbnQayyimJawziyya.RawdatMuhibbin.JK000063-ara1,0751IbnQayyimJawziyya.RawdatMuhibbin,0751IbnQayyimJawziyya,adab_prose,tag:_AKHLAQ,other,standard,"tag OpenITI _AKHLAQ → adab_prose (data/reference/openiti_tag_genre_map.csv, 09_DECISIONS.md §4 krok 1)"
0751IbnQayyimJawziyya.RisalaTabukiyya.JK000058-ara1,0751IbnQayyimJawziyya.RisalaTabukiyya,0751IbnQayyimJawziyya,adab_prose,tag:_AKHLAQ,other,standard,"tag OpenITI _AKHLAQ → adab_prose (data/reference/openiti_tag_genre_map.csv, 09_DECISIONS.md §4 krok 1)"
0845Maqrizi.Rasail.Shamela0010710-ara1,0845Maqrizi.Rasail,0845Maqrizi,adab_prose,title,other,standard,fallback tytulowy → adab_prose (09_DECISIONS.md §4 krok 2)
0879IbnQutlubugha.MajmucRasail.Sham19Y0016817-ara1,0879IbnQutlubugha.MajmucRasail,0879IbnQutlubugha,adab_prose,title,biography,standard,fallback tytulowy → adab_prose (09_DECISIONS.md §4 krok 2)
0157AbuMikhnafAzdi.MaqtalHusayn.Shia003665-ara1,0157AbuMikhnafAzdi.MaqtalHusayn,0157AbuMikhnafAzdi,biography,tag:_SIRA,biography,standard,"tag OpenITI _SIRA → biography (data/reference/openiti_tag_genre_map.csv, 09_DECISIONS.md §4 krok 1)"
0213IbnHisham.SiraNabawiyya.Shamela0023833-ara1,0213IbnHisham.SiraNabawiyya,0213IbnHisham,biography,title,biography,standard,fallback tytulowy → biography (09_DECISIONS.md §4 krok 2)
0230IbnSacd.TabaqatKubra.ShamAY0035884-ara1,0230IbnSacd.TabaqatKubra,0230IbnSacd,biography,title,biography,standard,fallback tytulowy → biography (09_DECISIONS.md §4 krok 2)
0430AbuNucaymIsbahani.DalailNubuwwa.Shamela0010637-ara1,0430AbuNucaymIsbahani.DalailNubuwwa,0430AbuNucaymIsbahani,biography,tag:_SIRA,hadith_collection,standard,"tag OpenITI _SIRA → biography (data/reference/openiti_tag_genre_map.csv, 09_DECISIONS.md §4 krok 1)"
0450AbuHasanMawardi.AclamNubuwwa.JK000545-ara1,0450AbuHasanMawardi.AclamNubuwwa,0450AbuHasanMawardi,biography,tag:_SIRA,fiqh,standard,"tag OpenITI _SIRA → biography (data/reference/openiti_tag_genre_map.csv, 09_DECISIONS.md §4 krok 1)"
0456IbnHazm.JawamicSira.Shamela0009728-ara1,0456IbnHazm.JawamicSira,0456IbnHazm,biography,tag:_SIRA,hadith_collection,standard,"tag OpenITI _SIRA → biography (data/reference/openiti_tag_genre_map.csv, 09_DECISIONS.md §4 krok 1)"
0463KhatibBaghdadi.MuttafiqWaMuftariq.Shamela0009076-ara1,0463KhatibBaghdadi.MuttafiqWaMuftariq,0463KhatibBaghdadi,biography,tag:_TABAQAT,hadith_collection,standard,"tag OpenITI _TABAQAT → biography (data/reference/openiti_tag_genre_map.csv, 09_DECISIONS.md §4 krok 1)"
0494HakimJushami.TanbihGhafilin.Shia003691-ara1,0494HakimJushami.TanbihGhafilin,0494HakimJushami,biography,tag:_SIRA,tafsir,standard,"tag OpenITI _SIRA → biography (data/reference/openiti_tag_genre_map.csv, 09_DECISIONS.md §4 krok 1)"
0510IbnMascudBaghawi.AnwarFiShamailNabi.Shamela0010803-ara1,0510IbnMascudBaghawi.AnwarFiShamailNabi,0510IbnMascudBaghawi,biography,tag:_SIRA,tafsir,standard,"tag OpenITI _SIRA → biography (data/reference/openiti_tag_genre_map.csv, 09_DECISIONS.md §4 krok 1)"
0544QadiCiyad.Shifa.Shamela0023645-ara1,0544QadiCiyad.Shifa,0544QadiCiyad,biography,tag:_SIRA,hadith_collection,standard,"tag OpenITI _SIRA → biography (data/reference/openiti_tag_genre_map.csv, 09_DECISIONS.md §4 krok 1)"
0548IbnHasanTabarsi.IclamWara.Shia003695Vols-ara1,0548IbnHasanTabarsi.IclamWara,0548IbnHasanTabarsi,biography,tag:_SIRA,tafsir,standard,"tag OpenITI _SIRA → biography (data/reference/openiti_tag_genre_map.csv, 09_DECISIONS.md §4 krok 1)"
0562Samcani.Muntakhab.Shamela0021556-ara1,0562Samcani.Muntakhab,0562Samcani,biography,tag:_TABAQAT,biography,standard,"tag OpenITI _TABAQAT → biography (data/reference/openiti_tag_genre_map.csv, 09_DECISIONS.md §4 krok 1)"
0581AbuQasimSuhayli.RawdUnuf.Masaha002028Vols-ara1,0581AbuQasimSuhayli.RawdUnuf,0581AbuQasimSuhayli,biography,tag:_SIRA,biography,standard,"tag OpenITI _SIRA → biography (data/reference/openiti_tag_genre_map.csv, 09_DECISIONS.md §4 krok 1)"
0597IbnJawzi.WafaBiAhwalMustafa.ShamAY0037387-ara1,0597IbnJawzi.WafaBiAhwalMustafa,0597IbnJawzi,biography,tag:_SIRA,history,standard,"tag OpenITI _SIRA → biography (data/reference/openiti_tag_genre_map.csv, 09_DECISIONS.md §4 krok 1)"
0606FakhrDinRazi.CismatAnbiya.Shia003701-ara1,0606FakhrDinRazi.CismatAnbiya,0606FakhrDinRazi,biography,tag:_SIRA,tafsir,standard,"tag OpenITI _SIRA → biography (data/reference/openiti_tag_genre_map.csv, 09_DECISIONS.md §4 krok 1)"
0634AbuRabicHimyari.Iktifa.Shamela0009770-ara1,0634AbuRabicHimyari.Iktifa,0634AbuRabicHimyari,biography,tag:_SIRA,biography,standard,"tag OpenITI _SIRA → biography (data/reference/openiti_tag_genre_map.csv, 09_DECISIONS.md §4 krok 1)"
0646IbnQifti.InbahRuwat.Shamela0010525-ara1,0646IbnQifti.InbahRuwat,0646IbnQifti,biography,tag:_TABAQAT,biography,standard,"tag OpenITI _TABAQAT → biography (data/reference/openiti_tag_genre_map.csv, 09_DECISIONS.md §4 krok 1)"
0692IbnCabdZahir.RawdZahir.GVDB20200120-ara1,0692IbnCabdZahir.RawdZahir,0692IbnCabdZahir,biography,title,biography,standard,fallback tytulowy → biography (09_DECISIONS.md §4 krok 2)
0692IbnCabdZahir.TashrifAyyam.GVDB20200720-ara1,0692IbnCabdZahir.TashrifAyyam,0692IbnCabdZahir,biography,title,biography,standard,fallback tytulowy → biography (09_DECISIONS.md §4 krok 2)
0694MuhibbDinTabari.KhulasatSiyar.JK001117-ara1,0694MuhibbDinTabari.KhulasatSiyar,0694MuhibbDinTabari,biography,tag:_SIRA,biography,standard,"tag OpenITI _SIRA → biography (data/reference/openiti_tag_genre_map.csv, 09_DECISIONS.md §4 krok 1)"
0694MuhibbDinTabari.RiyadNadira.Shamela0008657-ara1,0694MuhibbDinTabari.RiyadNadira,0694MuhibbDinTabari,biography,tag:_TABAQAT,biography,standard,"tag OpenITI _TABAQAT → biography (data/reference/openiti_tag_genre_map.csv, 09_DECISIONS.md §4 krok 1)"
0748Dhahabi.DiwanDucafa.Shamela0096955-ara1,0748Dhahabi.DiwanDucafa,0748Dhahabi,biography,tag:_TABAQAT,hadith_collection,standard,"tag OpenITI _TABAQAT → biography (data/reference/openiti_tag_genre_map.csv, 09_DECISIONS.md §4 krok 1)"
0748Dhahabi.MacrifaQurraKibar.JK000443-ara1,0748Dhahabi.MacrifaQurraKibar,0748Dhahabi,biography,title,hadith_collection,standard,fallback tytulowy → biography (09_DECISIONS.md §4 krok 2)
0748Dhahabi.MucjamShuyukh.Shamela0012531-ara1,0748Dhahabi.MucjamShuyukh,0748Dhahabi,biography,tag:_TABAQAT,hadith_collection,standard,"tag OpenITI _TABAQAT → biography (data/reference/openiti_tag_genre_map.csv, 09_DECISIONS.md §4 krok 1)"
0748Dhahabi.Nubdha.LMN20201019-ara1,0748Dhahabi.Nubdha,0748Dhahabi,biography,title,hadith_collection,standard,fallback tytulowy → biography (09_DECISIONS.md §4 krok 2)
0751IbnQayyimJawziyya.ZadMacad.JK000105-ara1,0751IbnQayyimJawziyya.ZadMacad,0751IbnQayyimJawziyya,biography,tag:_SIRA,other,standard,"tag OpenITI _SIRA → biography (data/reference/openiti_tag_genre_map.csv, 09_DECISIONS.md §4 krok 1)"
0764Safadi.AcyanCasr.Shamela0000131-ara1,0764Safadi.AcyanCasr,0764Safadi,biography,tag:_TABAQAT,biography,standard,"tag OpenITI _TABAQAT → biography (data/reference/openiti_tag_genre_map.csv, 09_DECISIONS.md §4 krok 1)"
0764Safadi.NaktHimyan.JK010550-ara1,0764Safadi.NaktHimyan,0764Safadi,biography,tag:_TABAQAT,biography,standard,"tag OpenITI _TABAQAT → biography (data/reference/openiti_tag_genre_map.csv, 09_DECISIONS.md §4 krok 1)"
0764Safadi.WafiBiWafayat.JK003609-ara1,0764Safadi.WafiBiWafayat,0764Safadi,biography,title,biography,standard,fallback tytulowy → biography (09_DECISIONS.md §4 krok 2)
0771TajDinSubki.MucjamShuyukh.Shamela0026389-ara1,0771TajDinSubki.MucjamShuyukh,0771TajDinSubki,biography,tag:_TABAQAT,history,standard,"tag OpenITI _TABAQAT → biography (data/reference/openiti_tag_genre_map.csv, 09_DECISIONS.md §4 krok 1)"
0774IbnKathir.FusulMinSira.JK000796-ara1,0774IbnKathir.FusulMinSira,0774IbnKathir,biography,tag:_SIRA,history,standard,"tag OpenITI _SIRA → biography (data/reference/openiti_tag_genre_map.csv, 09_DECISIONS.md §4 krok 1)"
0774IbnKathir.QisasAnbiya.Shia003721Vols-ara1,0774IbnKathir.QisasAnbiya,0774IbnKathir,biography,tag:_SIRA,history,standard,"tag OpenITI _SIRA → biography (data/reference/openiti_tag_genre_map.csv, 09_DECISIONS.md §4 krok 1)"
0774IbnKathir.TabaqatFuqahaShaficiyyin.Shamela0012860-ara1,0774IbnKathir.TabaqatFuqahaShaficiyyin,0774IbnKathir,biography,tag:_TABAQAT,history,standard,"tag OpenITI _TABAQAT → biography (data/reference/openiti_tag_genre_map.csv, 09_DECISIONS.md §4 krok 1)"
0774IbnKathir.Takmil.Shamela0096228-ara1,0774IbnKathir.Takmil,0774IbnKathir,biography,tag:_TABAQAT,history,standard,"tag OpenITI _TABAQAT → biography (data/reference/openiti_tag_genre_map.csv, 09_DECISIONS.md §4 krok 1)"
0775IbnAbiWafa.JawahirMudiya.JK000806BK1-ara1,0775IbnAbiWafa.JawahirMudiya,0775IbnAbiWafa,biography,title,biography,standard,fallback tytulowy → biography (09_DECISIONS.md §4 krok 2)
0804IbnMulaqqin.CiqdMudhhab.Sham19Y0016664-ara1,0804IbnMulaqqin.CiqdMudhhab,0804IbnMulaqqin,biography,title,hadith_collection,standard,fallback tytulowy → biography (09_DECISIONS.md §4 krok 2)
0804IbnMulaqqin.GhayatSul.JK001472-ara1,0804IbnMulaqqin.GhayatSul,0804IbnMulaqqin,biography,tag:_SIRA,hadith_collection,standard,"tag OpenITI _SIRA → biography (data/reference/openiti_tag_genre_map.csv, 09_DECISIONS.md §4 krok 1)"
0845Maqrizi.NizacWaTakhasum.Shia003725-ara1,0845Maqrizi.NizacWaTakhasum,0845Maqrizi,biography,tag:_SIRA,other,standard,"tag OpenITI _SIRA → biography (data/reference/openiti_tag_genre_map.csv, 09_DECISIONS.md §4 krok 1)"
0879IbnQutlubugha.Thiqat.Shamela0096165-ara1,0879IbnQutlubugha.Thiqat,0879IbnQutlubugha,biography,tag:_TABAQAT,biography,standard,"tag OpenITI _TABAQAT → biography (data/reference/openiti_tag_genre_map.csv, 09_DECISIONS.md §4 krok 1)"
0309KuracNaml.MunajjadFiLugha.Shamela0036950-ara1,0309KuracNaml.MunajjadFiLugha,0309KuracNaml,fiqh,tag:_FIQH,theology,standard,"tag OpenITI _FIQH → fiqh (data/reference/openiti_tag_genre_map.csv, 09_DECISIONS.md §4 krok 1)"
0310Tabari.IkhtilafFuqaha.JK000300-ara1,0310Tabari.IkhtilafFuqaha,0310Tabari,fiqh,tag:_FIQH,history,standard,"tag OpenITI _FIQH → fiqh (data/reference/openiti_tag_genre_map.csv, 09_DECISIONS.md §4 krok 1)"
0370IbnCaliJassas.FusulFiUsul.JK000286-ara1,0370IbnCaliJassas.FusulFiUsul,0370IbnCaliJassas,fiqh,tag:_FIQH,other,standard,"tag OpenITI _FIQH → fiqh (data/reference/openiti_tag_genre_map.csv, 09_DECISIONS.md §4 krok 1)"
0381IbnBabawayhSaduq.Muqnic.Shia000003-ara1,0381IbnBabawayhSaduq.Muqnic,0381IbnBabawayhSaduq,fiqh,tag:_FIQH,other,standard,"tag OpenITI _FIQH → fiqh (data/reference/openiti_tag_genre_map.csv, 09_DECISIONS.md §4 krok 1)"
0381IbnBabawayhSaduq.SilsilatMutunFiqhiyya.Masaha000626-ara1,0381IbnBabawayhSaduq.SilsilatMutunFiqhiyya,0381IbnBabawayhSaduq,fiqh,title,other,standard,fallback tytulowy → fiqh (09_DECISIONS.md §4 krok 2)
0421IbnMuhammadMarzuqi.AmaliMarzuqi.Shamela0000722-ara1,0421IbnMuhammadMarzuqi.AmaliMarzuqi,0421IbnMuhammadMarzuqi,fiqh,tag:_MASAIL,poetry_diwan,standard,"tag OpenITI _MASAIL → fiqh (data/reference/openiti_tag_genre_map.csv, 09_DECISIONS.md §4 krok 1)"
0421IbnMuhammadMarzuqi.AzminaWaAmkina.Shamela0011469-ara1,0421IbnMuhammadMarzuqi.AzminaWaAmkina,0421IbnMuhammadMarzuqi,fiqh,tag:_MASAIL,poetry_diwan,standard,"tag OpenITI _MASAIL → fiqh (data/reference/openiti_tag_genre_map.csv, 09_DECISIONS.md §4 krok 1)"
0428IbnSina.Siyasa.Shamela0007227-ara1,0428IbnSina.Siyasa,0428IbnSina,fiqh,tag:_QADA,other,standard,"tag OpenITI _QADA → fiqh (data/reference/openiti_tag_genre_map.csv, 09_DECISIONS.md §4 krok 1)"
0450AbuHasanMawardi.AhkamSultaniyya.Shamela0022881-ara1,0450AbuHasanMawardi.AhkamSultaniyya,0450AbuHasanMawardi,fiqh,tag:_QADA,fiqh,standard,"tag OpenITI _QADA → fiqh (data/reference/openiti_tag_genre_map.csv, 09_DECISIONS.md §4 krok 1)"
0450AbuHasanMawardi.DurarSuluk.JK001238-ara1,0450AbuHasanMawardi.DurarSuluk,0450AbuHasanMawardi,fiqh,tag:_QADA,fiqh,standard,"tag OpenITI _QADA → fiqh (data/reference/openiti_tag_genre_map.csv, 09_DECISIONS.md §4 krok 1)"
0450AbuHasanMawardi.HawiKabir.JK009139-ara1,0450AbuHasanMawardi.HawiKabir,0450AbuHasanMawardi,fiqh,title,fiqh,standard,fallback tytulowy → fiqh (09_DECISIONS.md §4 krok 2)
0450AbuHasanMawardi.IqnacFiFiqh.JK000290-ara1,0450AbuHasanMawardi.IqnacFiFiqh,0450AbuHasanMawardi,fiqh,tag:_FIQH,fiqh,standard,"tag OpenITI _FIQH → fiqh (data/reference/openiti_tag_genre_map.csv, 09_DECISIONS.md §4 krok 1)"
0450AbuHasanMawardi.TashilNazar.JK001269-ara1,0450AbuHasanMawardi.TashilNazar,0450AbuHasanMawardi,fiqh,tag:_QADA,fiqh,standard,"tag OpenITI _QADA → fiqh (data/reference/openiti_tag_genre_map.csv, 09_DECISIONS.md §4 krok 1)"
0456IbnHazm.IhkamFiUsulAhkam.JK000122-ara1,0456IbnHazm.IhkamFiUsulAhkam,0456IbnHazm,fiqh,title,hadith_collection,standard,fallback tytulowy → fiqh (09_DECISIONS.md §4 krok 2)
0456IbnHazm.MaratibIjmac.JK000182-ara1,0456IbnHazm.MaratibIjmac,0456IbnHazm,fiqh,tag:_FIQH,hadith_collection,standard,"tag OpenITI _FIQH → fiqh (data/reference/openiti_tag_genre_map.csv, 09_DECISIONS.md §4 krok 1)"
0456IbnHazm.NubdhaKafiya.Shamela0006321-ara1,0456IbnHazm.NubdhaKafiya,0456IbnHazm,fiqh,tag:_FIQH,hadith_collection,standard,"tag OpenITI _FIQH → fiqh (data/reference/openiti_tag_genre_map.csv, 09_DECISIONS.md §4 krok 1)"
0456IbnHazm.Rasail.Shamela0001038-ara1,0456IbnHazm.Rasail,0456IbnHazm,fiqh,tag:_MASAIL,hadith_collection,standard,"tag OpenITI _MASAIL → fiqh (data/reference/openiti_tag_genre_map.csv, 09_DECISIONS.md §4 krok 1)"
0456IbnHazm.RisalaFiGhina.JK009339-ara1,0456IbnHazm.RisalaFiGhina,0456IbnHazm,fiqh,tag:_FIQH,hadith_collection,standard,"tag OpenITI _FIQH → fiqh (data/reference/openiti_tag_genre_map.csv, 09_DECISIONS.md §4 krok 1)"
0456IbnHazm.RisalaFiRaddCalaHatif.JK009338-ara1,0456IbnHazm.RisalaFiRaddCalaHatif,0456IbnHazm,fiqh,tag:_FIQH,hadith_collection,standard,"tag OpenITI _FIQH → fiqh (data/reference/openiti_tag_genre_map.csv, 09_DECISIONS.md §4 krok 1)"
0456IbnHazm.RisalatanFiTacnif.JK009345-ara1,0456IbnHazm.RisalatanFiTacnif,0456IbnHazm,fiqh,tag:_FIQH,hadith_collection,standard,"tag OpenITI _FIQH → fiqh (data/reference/openiti_tag_genre_map.csv, 09_DECISIONS.md §4 krok 1)"
0458Bayhaqi.JamicFiKhatim.Shamela0009300-ara1,0458Bayhaqi.JamicFiKhatim,0458Bayhaqi,fiqh,tag:_MASAIL,other,standard,"tag OpenITI _MASAIL → fiqh (data/reference/openiti_tag_genre_map.csv, 09_DECISIONS.md §4 krok 1)"
0458IbnSidaMursi.MuhkamWaMuhit.JK006962-ara1,0458IbnSidaMursi.MuhkamWaMuhit,0458IbnSidaMursi,fiqh,tag:_FIQH,fiqh,standard,"tag OpenITI _FIQH → fiqh (data/reference/openiti_tag_genre_map.csv, 09_DECISIONS.md §4 krok 1)"
0458IbnSidaMursi.Mukhassas.JK000849-ara1,0458IbnSidaMursi.Mukhassas,0458IbnSidaMursi,fiqh,tag:_FIQH,fiqh,standard,"tag OpenITI _FIQH → fiqh (data/reference/openiti_tag_genre_map.csv, 09_DECISIONS.md §4 krok 1)"
0460ShaykhTusi.Khilaf.Shia000026Vols-ara1,0460ShaykhTusi.Khilaf,0460ShaykhTusi,fiqh,tag:_FIQH,fiqh,standard,"tag OpenITI _FIQH → fiqh (data/reference/openiti_tag_genre_map.csv, 09_DECISIONS.md §4 krok 1)"
0460ShaykhTusi.Mabsut.Shia000033Vols-ara1,0460ShaykhTusi.Mabsut,0460ShaykhTusi,fiqh,tag:_FIQH,fiqh,standard,"tag OpenITI _FIQH → fiqh (data/reference/openiti_tag_genre_map.csv, 09_DECISIONS.md §4 krok 1)"
0460ShaykhTusi.MisbahMutahajjad.Shia000042-ara1,0460ShaykhTusi.MisbahMutahajjad,0460ShaykhTusi,fiqh,tag:_FIQH,fiqh,standard,"tag OpenITI _FIQH → fiqh (data/reference/openiti_tag_genre_map.csv, 09_DECISIONS.md §4 krok 1)"
0460ShaykhTusi.Nihaya.Shia000041-ara1,0460ShaykhTusi.Nihaya,0460ShaykhTusi,fiqh,tag:_FIQH,fiqh,standard,"tag OpenITI _FIQH → fiqh (data/reference/openiti_tag_genre_map.csv, 09_DECISIONS.md §4 krok 1)"
0463IbnCabdBarr.Insaf.Shamela0013000-ara1,0463IbnCabdBarr.Insaf,0463IbnCabdBarr,fiqh,tag:_FIQH,hadith_collection,standard,"tag OpenITI _FIQH → fiqh (data/reference/openiti_tag_genre_map.csv, 09_DECISIONS.md §4 krok 1)"
0463KhatibBaghdadi.FaqihWaMutafaqqih.JK007078-ara1,0463KhatibBaghdadi.FaqihWaMutafaqqih,0463KhatibBaghdadi,fiqh,tag:_FIQH,hadith_collection,standard,"tag OpenITI _FIQH → fiqh (data/reference/openiti_tag_genre_map.csv, 09_DECISIONS.md §4 krok 1)"
0463KhatibBaghdadi.IhtijajBiShafici.JK000275-ara1,0463KhatibBaghdadi.IhtijajBiShafici,0463KhatibBaghdadi,fiqh,tag:_FIQH,hadith_collection,standard,"tag OpenITI _FIQH → fiqh (data/reference/openiti_tag_genre_map.csv, 09_DECISIONS.md §4 krok 1)"
0463KhatibBaghdadi.QawlFiCilmNujum.Shamela0021491-ara1,0463KhatibBaghdadi.QawlFiCilmNujum,0463KhatibBaghdadi,fiqh,tag:_MASAIL,hadith_collection,standard,"tag OpenITI _MASAIL → fiqh (data/reference/openiti_tag_genre_map.csv, 09_DECISIONS.md §4 krok 1)"
0478ImamHaramaynJuwayni.BurhanFiUsulFiqh.JK000781-ara1,0478ImamHaramaynJuwayni.BurhanFiUsulFiqh,0478ImamHaramaynJuwayni,fiqh,tag:_FIQH,fiqh,standard,"tag OpenITI _FIQH → fiqh (data/reference/openiti_tag_genre_map.csv, 09_DECISIONS.md §4 krok 1)"
0478ImamHaramaynJuwayni.GhiyathUmam.JK000043-ara1,0478ImamHaramaynJuwayni.GhiyathUmam,0478ImamHaramaynJuwayni,fiqh,tag:_QADA,fiqh,standard,"tag OpenITI _QADA → fiqh (data/reference/openiti_tag_genre_map.csv, 09_DECISIONS.md §4 krok 1)"
0478ImamHaramaynJuwayni.IjtihadMinTalkhis.JK000185-ara1,0478ImamHaramaynJuwayni.IjtihadMinTalkhis,0478ImamHaramaynJuwayni,fiqh,tag:_FIQH,fiqh,standard,"tag OpenITI _FIQH → fiqh (data/reference/openiti_tag_genre_map.csv, 09_DECISIONS.md §4 krok 1)"
0478ImamHaramaynJuwayni.NihayatMatlab.Shamela0009851-ara1,0478ImamHaramaynJuwayni.NihayatMatlab,0478ImamHaramaynJuwayni,fiqh,tag:_FIQH,fiqh,standard,"tag OpenITI _FIQH → fiqh (data/reference/openiti_tag_genre_map.csv, 09_DECISIONS.md §4 krok 1)"
0478ImamHaramaynJuwayni.Waraqat.JK000308-ara1,0478ImamHaramaynJuwayni.Waraqat,0478ImamHaramaynJuwayni,fiqh,tag:_FIQH,fiqh,standard,"tag OpenITI _FIQH → fiqh (data/reference/openiti_tag_genre_map.csv, 09_DECISIONS.md §4 krok 1)"
0483IbnAhmadSarakhsi.Mabsut.JK000266-ara1,0483IbnAhmadSarakhsi.Mabsut,0483IbnAhmadSarakhsi,fiqh,tag:_FIQH,fiqh,standard,"tag OpenITI _FIQH → fiqh (data/reference/openiti_tag_genre_map.csv, 09_DECISIONS.md §4 krok 1)"
0483IbnAhmadSarakhsi.Usul.JK000211-ara1,0483IbnAhmadSarakhsi.Usul,0483IbnAhmadSarakhsi,fiqh,tag:_FIQH,fiqh,standard,"tag OpenITI _FIQH → fiqh (data/reference/openiti_tag_genre_map.csv, 09_DECISIONS.md §4 krok 1)"
0505Ghazali.BidayatHidaya.Shamela0012718-ara1,0505Ghazali.BidayatHidaya,0505Ghazali,fiqh,title,adab_prose,standard,fallback tytulowy → fiqh (09_DECISIONS.md §4 krok 2)
0505Ghazali.Mankhul.JK000155-ara1,0505Ghazali.Mankhul,0505Ghazali,fiqh,tag:_FIQH,adab_prose,standard,"tag OpenITI _FIQH → fiqh (data/reference/openiti_tag_genre_map.csv, 09_DECISIONS.md §4 krok 1)"
0505Ghazali.Mustasfa.JK000276-ara1,0505Ghazali.Mustasfa,0505Ghazali,fiqh,tag:_FIQH,adab_prose,standard,"tag OpenITI _FIQH → fiqh (data/reference/openiti_tag_genre_map.csv, 09_DECISIONS.md §4 krok 1)"
0505Ghazali.TibrMasbuk.Shamela0004129-ara1,0505Ghazali.TibrMasbuk,0505Ghazali,fiqh,tag:_QADA,adab_prose,standard,"tag OpenITI _QADA → fiqh (data/reference/openiti_tag_genre_map.csv, 09_DECISIONS.md §4 krok 1)"
0505Ghazali.Wasit.JK000309-ara1,0505Ghazali.Wasit,0505Ghazali,fiqh,tag:_FIQH,adab_prose,standard,"tag OpenITI _FIQH → fiqh (data/reference/openiti_tag_genre_map.csv, 09_DECISIONS.md §4 krok 1)"
0510IbnMascudBaghawi.SiyarMinTahdhib.Shamela0003637-ara1,0510IbnMascudBaghawi.SiyarMinTahdhib,0510IbnMascudBaghawi,fiqh,tag:_MASAIL,tafsir,standard,"tag OpenITI _MASAIL → fiqh (data/reference/openiti_tag_genre_map.csv, 09_DECISIONS.md §4 krok 1)"
0510IbnMascudBaghawi.TahdhibFiqhShafici.Sham19Y0017885-ara1,0510IbnMascudBaghawi.TahdhibFiqhShafici,0510IbnMascudBaghawi,fiqh,title,tafsir,standard,fallback tytulowy → fiqh (09_DECISIONS.md §4 krok 2)
0520IbnRushdJadd.BayanWaTahsil.Shamela0021751-ara1,0520IbnRushdJadd.BayanWaTahsil,0520IbnRushdJadd,fiqh,tag:_FIQH,fiqh,standard,"tag OpenITI _FIQH → fiqh (data/reference/openiti_tag_genre_map.csv, 09_DECISIONS.md §4 krok 1)"
0520IbnRushdJadd.Muqaddimat.Shamela0021735-ara1,0520IbnRushdJadd.Muqaddimat,0520IbnRushdJadd,fiqh,tag:_FIQH,fiqh,standard,"tag OpenITI _FIQH → fiqh (data/reference/openiti_tag_genre_map.csv, 09_DECISIONS.md §4 krok 1)"
0521IbnMuhammadBatalyawsi.InsafFiTanbih.JK000294-ara1,0521IbnMuhammadBatalyawsi.InsafFiTanbih,0521IbnMuhammadBatalyawsi,fiqh,tag:_FIQH,adab_prose,standard,"tag OpenITI _FIQH → fiqh (data/reference/openiti_tag_genre_map.csv, 09_DECISIONS.md §4 krok 1)"
0537NajmDinAbuHafsNasafi.TalibatTalaba.JK007118-ara1,0537NajmDinAbuHafsNasafi.TalibatTalaba,0537NajmDinAbuHafsNasafi,fiqh,tag:_FIQH,tafsir,standard,"tag OpenITI _FIQH → fiqh (data/reference/openiti_tag_genre_map.csv, 09_DECISIONS.md §4 krok 1)"
0540AbuMansurJawaliqi.MaJaaCalaFacaltu.JK001078-ara1,0540AbuMansurJawaliqi.MaJaaCalaFacaltu,0540AbuMansurJawaliqi,fiqh,tag:_FIQH,adab_prose,standard,"tag OpenITI _FIQH → fiqh (data/reference/openiti_tag_genre_map.csv, 09_DECISIONS.md §4 krok 1)"
0581AbuQasimSuhayli.Faraid.JK000301-ara1,0581AbuQasimSuhayli.Faraid,0581AbuQasimSuhayli,fiqh,tag:_FIQH,biography,standard,"tag OpenITI _FIQH → fiqh (data/reference/openiti_tag_genre_map.csv, 09_DECISIONS.md §4 krok 1)"
0597IbnJawzi.TaczimFutya.Shamela0026894-ara1,0597IbnJawzi.TaczimFutya,0597IbnJawzi,fiqh,tag:_FIQH,history,standard,"tag OpenITI _FIQH → fiqh (data/reference/openiti_tag_genre_map.csv, 09_DECISIONS.md §4 krok 1)"
0606FakhrDinRazi.Mahsul.JK000153-ara1,0606FakhrDinRazi.Mahsul,0606FakhrDinRazi,fiqh,tag:_FIQH,tafsir,standard,"tag OpenITI _FIQH → fiqh (data/reference/openiti_tag_genre_map.csv, 09_DECISIONS.md §4 krok 1)"
0620IbnQudamaMaqdisi.CumdatFiqh.JK000287-ara1,0620IbnQudamaMaqdisi.CumdatFiqh,0620IbnQudamaMaqdisi,fiqh,tag:_FIQH,fiqh,standard,"tag OpenITI _FIQH → fiqh (data/reference/openiti_tag_genre_map.csv, 09_DECISIONS.md §4 krok 1)"
0620IbnQudamaMaqdisi.KafiFiFiqh.JK000254-ara1,0620IbnQudamaMaqdisi.KafiFiFiqh,0620IbnQudamaMaqdisi,fiqh,tag:_FIQH,fiqh,standard,"tag OpenITI _FIQH → fiqh (data/reference/openiti_tag_genre_map.csv, 09_DECISIONS.md §4 krok 1)"
0620IbnQudamaMaqdisi.Mughni.JK000154-ara1,0620IbnQudamaMaqdisi.Mughni,0620IbnQudamaMaqdisi,fiqh,tag:_FIQH,fiqh,standard,"tag OpenITI _FIQH → fiqh (data/reference/openiti_tag_genre_map.csv, 09_DECISIONS.md §4 krok 1)"
0620IbnQudamaMaqdisi.MuqnicFiFiqh.JK000787BK1-ara1,0620IbnQudamaMaqdisi.MuqnicFiFiqh,0620IbnQudamaMaqdisi,fiqh,title,fiqh,standard,fallback tytulowy → fiqh (09_DECISIONS.md §4 krok 2)
0620IbnQudamaMaqdisi.RawdatNazir.JK000156-ara1,0620IbnQudamaMaqdisi.RawdatNazir,0620IbnQudamaMaqdisi,fiqh,tag:_FIQH,fiqh,standard,"tag OpenITI _FIQH → fiqh (data/reference/openiti_tag_genre_map.csv, 09_DECISIONS.md §4 krok 1)"
0654SibtIbnJawzi.ItharInsaf.Shamela0006349-ara1,0654SibtIbnJawzi.ItharInsaf,0654SibtIbnJawzi,fiqh,tag:_FIQH,other,standard,"tag OpenITI _FIQH → fiqh (data/reference/openiti_tag_genre_map.csv, 09_DECISIONS.md §4 krok 1)"
0671AbuCabdAllahQurtubi.JamicLiAhkamQuran.Tafsir01005-ara1,0671AbuCabdAllahQurtubi.JamicLiAhkamQuran,0671AbuCabdAllahQurtubi,fiqh,title,fiqh,standard,fallback tytulowy → fiqh (09_DECISIONS.md §4 krok 2)
0676Nawawi.AdabFatwa.JK000237-ara1,0676Nawawi.AdabFatwa,0676Nawawi,fiqh,tag:_FIQH,fiqh,standard,"tag OpenITI _FIQH → fiqh (data/reference/openiti_tag_genre_map.csv, 09_DECISIONS.md §4 krok 1)"
0676Nawawi.DaqaiqMinhaj.JK001014-ara1,0676Nawawi.DaqaiqMinhaj,0676Nawawi,fiqh,tag:_FIQH,fiqh,standard,"tag OpenITI _FIQH → fiqh (data/reference/openiti_tag_genre_map.csv, 09_DECISIONS.md §4 krok 1)"
0676Nawawi.IdahFiManasikHajj.Shamela0096232-ara1,0676Nawawi.IdahFiManasikHajj,0676Nawawi,fiqh,tag:_FIQH,fiqh,standard,"tag OpenITI _FIQH → fiqh (data/reference/openiti_tag_genre_map.csv, 09_DECISIONS.md §4 krok 1)"
0676Nawawi.Majmuc.JK000913-ara1,0676Nawawi.Majmuc,0676Nawawi,fiqh,tag:_FIQH,fiqh,standard,"tag OpenITI _FIQH → fiqh (data/reference/openiti_tag_genre_map.csv, 09_DECISIONS.md §4 krok 1)"
0676Nawawi.MasailManthura.Shamela0000497-ara1,0676Nawawi.MasailManthura,0676Nawawi,fiqh,tag:_FATAWA,fiqh,standard,"tag OpenITI _FATAWA → fiqh (data/reference/openiti_tag_genre_map.csv, 09_DECISIONS.md §4 krok 1)"
0676Nawawi.RawdatTalibin.JK000192-ara1,0676Nawawi.RawdatTalibin,0676Nawawi,fiqh,tag:_FIQH,fiqh,standard,"tag OpenITI _FIQH → fiqh (data/reference/openiti_tag_genre_map.csv, 09_DECISIONS.md §4 krok 1)"
0676Nawawi.TahrirAlfaz.JK000168-ara1,0676Nawawi.TahrirAlfaz,0676Nawawi,fiqh,tag:_FIQH,fiqh,standard,"tag OpenITI _FIQH → fiqh (data/reference/openiti_tag_genre_map.csv, 09_DECISIONS.md §4 krok 1)"
0676Nawawi.UsulWaDawabit.JK000177-ara1,0676Nawawi.UsulWaDawabit,0676Nawawi,fiqh,tag:_FIQH,fiqh,standard,"tag OpenITI _FIQH → fiqh (data/reference/openiti_tag_genre_map.csv, 09_DECISIONS.md §4 krok 1)"
0684ShihabDinQarafi.Dhakhira.Shamela0001717-ara1,0684ShihabDinQarafi.Dhakhira,0684ShihabDinQarafi,fiqh,tag:_FIQH,fiqh,standard,"tag OpenITI _FIQH → fiqh (data/reference/openiti_tag_genre_map.csv, 09_DECISIONS.md §4 krok 1)"
0684ShihabDinQarafi.SharhTanqih.Shamela0021813-ara1,0684ShihabDinQarafi.SharhTanqih,0684ShihabDinQarafi,fiqh,tag:_FIQH,fiqh,standard,"tag OpenITI _FIQH → fiqh (data/reference/openiti_tag_genre_map.csv, 09_DECISIONS.md §4 krok 1)"
0684ShihabDinQarafi.Umniyya.JK001208-ara1,0684ShihabDinQarafi.Umniyya,0684ShihabDinQarafi,fiqh,tag:_FIQH,fiqh,standard,"tag OpenITI _FIQH → fiqh (data/reference/openiti_tag_genre_map.csv, 09_DECISIONS.md §4 krok 1)"
0710IbnRifca.Kifaya.Sham19Y0014325-ara1,0710IbnRifca.Kifaya,0710IbnRifca,fiqh,title,fiqh,standard,fallback tytulowy → fiqh (09_DECISIONS.md §4 krok 2)
0726CallamaHilli.MabadiWusul.Shia002754-ara1,0726CallamaHilli.MabadiWusul,0726CallamaHilli,fiqh,tag:_FIQH,fiqh,standard,"tag OpenITI _FIQH → fiqh (data/reference/openiti_tag_genre_map.csv, 09_DECISIONS.md §4 krok 1)"
0726CallamaHilli.MukhtalafShica.Shia000094Vols-ara1,0726CallamaHilli.MukhtalafShica,0726CallamaHilli,fiqh,tag:_FIQH,fiqh,standard,"tag OpenITI _FIQH → fiqh (data/reference/openiti_tag_genre_map.csv, 09_DECISIONS.md §4 krok 1)"
0726CallamaHilli.MuntahaMatlab.Shia000107Vols-ara1,0726CallamaHilli.MuntahaMatlab,0726CallamaHilli,fiqh,tag:_FIQH,fiqh,standard,"tag OpenITI _FIQH → fiqh (data/reference/openiti_tag_genre_map.csv, 09_DECISIONS.md §4 krok 1)"
0726CallamaHilli.NihayatAhkam.Zaydiyya0000245-ara1,0726CallamaHilli.NihayatAhkam,0726CallamaHilli,fiqh,tag:_FIQH,fiqh,standard,"tag OpenITI _FIQH → fiqh (data/reference/openiti_tag_genre_map.csv, 09_DECISIONS.md §4 krok 1)"
0726CallamaHilli.QawacidAhkam.Shia000091Vols-ara1,0726CallamaHilli.QawacidAhkam,0726CallamaHilli,fiqh,title,fiqh,standard,fallback tytulowy → fiqh (09_DECISIONS.md §4 krok 2)
0726CallamaHilli.RisalaSacdiyya.Shia000068-ara1,0726CallamaHilli.RisalaSacdiyya,0726CallamaHilli,fiqh,tag:_FIQH,fiqh,standard,"tag OpenITI _FIQH → fiqh (data/reference/openiti_tag_genre_map.csv, 09_DECISIONS.md §4 krok 1)"
0726CallamaHilli.TabsiratMutacallimin.Shia000069-ara1,0726CallamaHilli.TabsiratMutacallimin,0726CallamaHilli,fiqh,tag:_FIQH,fiqh,standard,"tag OpenITI _FIQH → fiqh (data/reference/openiti_tag_genre_map.csv, 09_DECISIONS.md §4 krok 1)"
0726CallamaHilli.TadhkiratFuqaha.Shia000075Vols-ara1,0726CallamaHilli.TadhkiratFuqaha,0726CallamaHilli,fiqh,tag:_FIQH,fiqh,standard,"tag OpenITI _FIQH → fiqh (data/reference/openiti_tag_genre_map.csv, 09_DECISIONS.md §4 krok 1)"
0726CallamaHilli.TahrirAhkam.Shia000070Vols-ara1,0726CallamaHilli.TahrirAhkam,0726CallamaHilli,fiqh,tag:_FIQH,fiqh,standard,"tag OpenITI _FIQH → fiqh (data/reference/openiti_tag_genre_map.csv, 09_DECISIONS.md §4 krok 1)"
0728IbnTaymiyya.AmrBiMacruf.JK000372-ara1,0728IbnTaymiyya.AmrBiMacruf,0728IbnTaymiyya,fiqh,tag:_FIQH,other,standard,"tag OpenITI _FIQH → fiqh (data/reference/openiti_tag_genre_map.csv, 09_DECISIONS.md §4 krok 1)"
0728IbnTaymiyya.FaslFiDalilCalaFadlArab.JK000905-ara1,0728IbnTaymiyya.FaslFiDalilCalaFadlArab,0728IbnTaymiyya,fiqh,tag:_FIQH,other,standard,"tag OpenITI _FIQH → fiqh (data/reference/openiti_tag_genre_map.csv, 09_DECISIONS.md §4 krok 1)"
0728IbnTaymiyya.HijabMara.Shamela0011150-ara1,0728IbnTaymiyya.HijabMara,0728IbnTaymiyya,fiqh,tag:_FIQH,other,standard,"tag OpenITI _FIQH → fiqh (data/reference/openiti_tag_genre_map.csv, 09_DECISIONS.md §4 krok 1)"
0728IbnTaymiyya.IkhtiyaratFiqhiyya.JK000380-ara1,0728IbnTaymiyya.IkhtiyaratFiqhiyya,0728IbnTaymiyya,fiqh,tag:_FIQH,other,standard,"tag OpenITI _FIQH → fiqh (data/reference/openiti_tag_genre_map.csv, 09_DECISIONS.md §4 krok 1)"
0728IbnTaymiyya.JamicRasail.Shamela0022653-ara1,0728IbnTaymiyya.JamicRasail,0728IbnTaymiyya,fiqh,tag:_FIQH,other,standard,"tag OpenITI _FIQH → fiqh (data/reference/openiti_tag_genre_map.csv, 09_DECISIONS.md §4 krok 1)"
0728IbnTaymiyya.MajmucFatawa.JK000381-ara1,0728IbnTaymiyya.MajmucFatawa,0728IbnTaymiyya,fiqh,tag:_FIQH,other,standard,"tag OpenITI _FIQH → fiqh (data/reference/openiti_tag_genre_map.csv, 09_DECISIONS.md §4 krok 1)"
0728IbnTaymiyya.MusawwadaFiUsulFiqh.JK000388-ara1,0728IbnTaymiyya.MusawwadaFiUsulFiqh,0728IbnTaymiyya,fiqh,tag:_FIQH,other,standard,"tag OpenITI _FIQH → fiqh (data/reference/openiti_tag_genre_map.csv, 09_DECISIONS.md §4 krok 1)"
0728IbnTaymiyya.QawacidNuraniyya.Shamela0021729-ara1,0728IbnTaymiyya.QawacidNuraniyya,0728IbnTaymiyya,fiqh,tag:_FIQH,other,standard,"tag OpenITI _FIQH → fiqh (data/reference/openiti_tag_genre_map.csv, 09_DECISIONS.md §4 krok 1)"
0728IbnTaymiyya.SharhCumdatFiqh.JK000386-ara1,0728IbnTaymiyya.SharhCumdatFiqh,0728IbnTaymiyya,fiqh,title,other,standard,fallback tytulowy → fiqh (09_DECISIONS.md §4 krok 2)
0748Dhahabi.HaqqJar.JK010221-ara1,0748Dhahabi.HaqqJar,0748Dhahabi,fiqh,tag:_MASAIL,hadith_collection,standard,"tag OpenITI _MASAIL → fiqh (data/reference/openiti_tag_genre_map.csv, 09_DECISIONS.md §4 krok 1)"
0751IbnQayyimJawziyya.AhkamAhlDhimma.JK000103-ara1,0751IbnQayyimJawziyya.AhkamAhlDhimma,0751IbnQayyimJawziyya,fiqh,title,other,standard,fallback tytulowy → fiqh (09_DECISIONS.md §4 krok 2)
0751IbnQayyimJawziyya.Furusiyya.JK000106-ara1,0751IbnQayyimJawziyya.Furusiyya,0751IbnQayyimJawziyya,fiqh,tag:_FIQH,other,standard,"tag OpenITI _FIQH → fiqh (data/reference/openiti_tag_genre_map.csv, 09_DECISIONS.md §4 krok 1)"
0751IbnQayyimJawziyya.HidayatHayara.JK000089-ara1,0751IbnQayyimJawziyya.HidayatHayara,0751IbnQayyimJawziyya,fiqh,title,other,standard,fallback tytulowy → fiqh (09_DECISIONS.md §4 krok 2)
0751IbnQayyimJawziyya.IghathatLahfan.JK000087-ara1,0751IbnQayyimJawziyya.IghathatLahfan,0751IbnQayyimJawziyya,fiqh,tag:_FIQH,other,standard,"tag OpenITI _FIQH → fiqh (data/reference/openiti_tag_genre_map.csv, 09_DECISIONS.md §4 krok 1)"
0751IbnQayyimJawziyya.TuhfatMawdud.JK000095-ara1,0751IbnQayyimJawziyya.TuhfatMawdud,0751IbnQayyimJawziyya,fiqh,tag:_FIQH,other,standard,"tag OpenITI _FIQH → fiqh (data/reference/openiti_tag_genre_map.csv, 09_DECISIONS.md §4 krok 1)"
0751IbnQayyimJawziyya.TuruqHukmiyya.JK000104-ara1,0751IbnQayyimJawziyya.TuruqHukmiyya,0751IbnQayyimJawziyya,fiqh,tag:_FIQH,other,standard,"tag OpenITI _FIQH → fiqh (data/reference/openiti_tag_genre_map.csv, 09_DECISIONS.md §4 krok 1)"
0764Safadi.TashihTashif.Shamela0031370-ara1,0764Safadi.TashihTashif,0764Safadi,fiqh,tag:_FIQH,biography,standard,"tag OpenITI _FIQH → fiqh (data/reference/openiti_tag_genre_map.csv, 09_DECISIONS.md §4 krok 1)"
0771TajDinSubki.AshbahWaNazair.Shamela0008634-ara1,0771TajDinSubki.AshbahWaNazair,0771TajDinSubki,fiqh,tag:_FIQH,history,standard,"tag OpenITI _FIQH → fiqh (data/reference/openiti_tag_genre_map.csv, 09_DECISIONS.md §4 krok 1)"
0771TajDinSubki.RafcHajib.JK009151-ara1,0771TajDinSubki.RafcHajib,0771TajDinSubki,fiqh,tag:_FIQH,history,standard,"tag OpenITI _FIQH → fiqh (data/reference/openiti_tag_genre_map.csv, 09_DECISIONS.md §4 krok 1)"
0774IbnKathir.AdabDukhulHammam.JK001100-ara1,0774IbnKathir.AdabDukhulHammam,0774IbnKathir,fiqh,tag:_FIQH,history,standard,"tag OpenITI _FIQH → fiqh (data/reference/openiti_tag_genre_map.csv, 09_DECISIONS.md §4 krok 1)"
0804IbnMulaqqin.TadhkiraFiFiqhShafici.Shamela0021553-ara1,0804IbnMulaqqin.TadhkiraFiFiqhShafici,0804IbnMulaqqin,fiqh,tag:_FIQH,hadith_collection,standard,"tag OpenITI _FIQH → fiqh (data/reference/openiti_tag_genre_map.csv, 09_DECISIONS.md §4 krok 1)"
0845Maqrizi.MukhtasarKitabWitr.JK000581-ara1,0845Maqrizi.MukhtasarKitabWitr,0845Maqrizi,fiqh,tag:_FIQH,other,standard,"tag OpenITI _FIQH → fiqh (data/reference/openiti_tag_genre_map.csv, 09_DECISIONS.md §4 krok 1)"
0845Maqrizi.MukhtasarQiyamLayl.JK011593-ara1,0845Maqrizi.MukhtasarQiyamLayl,0845Maqrizi,fiqh,tag:_FIQH,other,standard,"tag OpenITI _FIQH → fiqh (data/reference/openiti_tag_genre_map.csv, 09_DECISIONS.md §4 krok 1)"
0845Maqrizi.MukhtasarQiyamRamadan.Shamela0012872-ara1,0845Maqrizi.MukhtasarQiyamRamadan,0845Maqrizi,fiqh,tag:_FIQH,other,standard,"tag OpenITI _FIQH → fiqh (data/reference/openiti_tag_genre_map.csv, 09_DECISIONS.md §4 krok 1)"
0855BadrDinCayni.BinayaSharhHidaya.Shamela0000427BK2-ara1,0855BadrDinCayni.BinayaSharhHidaya,0855BadrDinCayni,fiqh,title,hadith_collection,standard,fallback tytulowy → fiqh (09_DECISIONS.md §4 krok 2)
0310Tabari.SarihSunna.Shamela0013127-ara1,0310Tabari.SarihSunna,0310Tabari,hadith_collection,tag:_HADITH,history,standard,"tag OpenITI _HADITH → hadith_collection (data/reference/openiti_tag_genre_map.csv, 09_DECISIONS.md §4 krok 1)"
0310Tabari.TabsirFiMacalimDin.Shamela0026464-ara1,0310Tabari.TabsirFiMacalimDin,0310Tabari,hadith_collection,tag:_HADITH,history,standard,"tag OpenITI _HADITH → hadith_collection (data/reference/openiti_tag_genre_map.csv, 09_DECISIONS.md §4 krok 1)"
0360Tabarani.AhadithTiwal.JK000599-ara1,0360Tabarani.AhadithTiwal,0360Tabarani,hadith_collection,tag:_HADITH,tafsir,standard,"tag OpenITI _HADITH → hadith_collection (data/reference/openiti_tag_genre_map.csv, 09_DECISIONS.md §4 krok 1)"
0360Tabarani.Awail.JK000862-ara1,0360Tabarani.Awail,0360Tabarani,hadith_collection,tag:_HADITH,tafsir,standard,"tag OpenITI _HADITH → hadith_collection (data/reference/openiti_tag_genre_map.csv, 09_DECISIONS.md §4 krok 1)"
0360Tabarani.Duca.JK000675-ara1,0360Tabarani.Duca,0360Tabarani,hadith_collection,tag:_HADITH,tafsir,standard,"tag OpenITI _HADITH → hadith_collection (data/reference/openiti_tag_genre_map.csv, 09_DECISIONS.md §4 krok 1)"
0360Tabarani.FadailRamy.Shamela0008239-ara1,0360Tabarani.FadailRamy,0360Tabarani,hadith_collection,tag:_HADITH,tafsir,standard,"tag OpenITI _HADITH → hadith_collection (data/reference/openiti_tag_genre_map.csv, 09_DECISIONS.md §4 krok 1)"
0360Tabarani.FadlCasharDhiHijja.Shamela0012745-ara1,0360Tabarani.FadlCasharDhiHijja,0360Tabarani,hadith_collection,tag:_HADITH,tafsir,standard,"tag OpenITI _HADITH → hadith_collection (data/reference/openiti_tag_genre_map.csv, 09_DECISIONS.md §4 krok 1)"
0360Tabarani.HadithDabb.Shamela0028925-ara1,0360Tabarani.HadithDabb,0360Tabarani,hadith_collection,tag:_HADITH,tafsir,standard,"tag OpenITI _HADITH → hadith_collection (data/reference/openiti_tag_genre_map.csv, 09_DECISIONS.md §4 krok 1)"
0360Tabarani.JuzHadithAhlBasra.ShamAY0033643-ara1,0360Tabarani.JuzHadithAhlBasra,0360Tabarani,hadith_collection,tag:_HADITH,tafsir,standard,"tag OpenITI _HADITH → hadith_collection (data/reference/openiti_tag_genre_map.csv, 09_DECISIONS.md §4 krok 1)"
0360Tabarani.ManIsmuhCata.Shamela0012864-ara1,0360Tabarani.ManIsmuhCata,0360Tabarani,hadith_collection,tag:_HADITH,tafsir,standard,"tag OpenITI _HADITH → hadith_collection (data/reference/openiti_tag_genre_map.csv, 09_DECISIONS.md §4 krok 1)"
0360Tabarani.MucjamSaghir.JK000476-ara1,0360Tabarani.MucjamSaghir,0360Tabarani,hadith_collection,tag:_HADITH,tafsir,standard,"tag OpenITI _HADITH → hadith_collection (data/reference/openiti_tag_genre_map.csv, 09_DECISIONS.md §4 krok 1)"
0360Tabarani.MusnadShamiyyin.Shia002069Vols-ara1,0360Tabarani.MusnadShamiyyin,0360Tabarani,hadith_collection,tag:_HADITH,tafsir,standard,"tag OpenITI _HADITH → hadith_collection (data/reference/openiti_tag_genre_map.csv, 09_DECISIONS.md §4 krok 1)"
0360Tabarani.TuruqHadithManKadhdhabaCalayya.JK000638-ara1,0360Tabarani.TuruqHadithManKadhdhabaCalayya,0360Tabarani,hadith_collection,tag:_HADITH,tafsir,standard,"tag OpenITI _HADITH → hadith_collection (data/reference/openiti_tag_genre_map.csv, 09_DECISIONS.md §4 krok 1)"
0360Tabarani.ZiyadatFiJudWaSakha.Shamela0026743-ara1,0360Tabarani.ZiyadatFiJudWaSakha,0360Tabarani,hadith_collection,tag:_HADITH,tafsir,standard,"tag OpenITI _HADITH → hadith_collection (data/reference/openiti_tag_genre_map.csv, 09_DECISIONS.md §4 krok 1)"
0362AbuFarajIsbahani.MaqatilTalibiyyin.Shamela0012404-ara1,0362AbuFarajIsbahani.MaqatilTalibiyyin,0362AbuFarajIsbahani,hadith_collection,tag:_HADITH,history,standard,"tag OpenITI _HADITH → hadith_collection (data/reference/openiti_tag_genre_map.csv, 09_DECISIONS.md §4 krok 1)"
0381IbnBabawayhSaduq.CuyunAkhbarRida.Shia001142Vols-ara1,0381IbnBabawayhSaduq.CuyunAkhbarRida,0381IbnBabawayhSaduq,hadith_collection,tag:_HADITH,other,standard,"tag OpenITI _HADITH → hadith_collection (data/reference/openiti_tag_genre_map.csv, 09_DECISIONS.md §4 krok 1)"
0381IbnBabawayhSaduq.FadailAshhurThalatha.Shia001144-ara1,0381IbnBabawayhSaduq.FadailAshhurThalatha,0381IbnBabawayhSaduq,hadith_collection,tag:_HADITH,other,standard,"tag OpenITI _HADITH → hadith_collection (data/reference/openiti_tag_genre_map.csv, 09_DECISIONS.md §4 krok 1)"
0381IbnBabawayhSaduq.FadailShica.Shia001145-ara1,0381IbnBabawayhSaduq.FadailShica,0381IbnBabawayhSaduq,hadith_collection,tag:_HADITH,other,standard,"tag OpenITI _HADITH → hadith_collection (data/reference/openiti_tag_genre_map.csv, 09_DECISIONS.md §4 krok 1)"
0381IbnBabawayhSaduq.MacaniAkhbar.Shia001148-ara1,0381IbnBabawayhSaduq.MacaniAkhbar,0381IbnBabawayhSaduq,hadith_collection,tag:_HADITH,other,standard,"tag OpenITI _HADITH → hadith_collection (data/reference/openiti_tag_genre_map.csv, 09_DECISIONS.md §4 krok 1)"
0381IbnBabawayhSaduq.SifatShica.Shia001139-ara1,0381IbnBabawayhSaduq.SifatShica,0381IbnBabawayhSaduq,hadith_collection,tag:_HADITH,other,standard,"tag OpenITI _HADITH → hadith_collection (data/reference/openiti_tag_genre_map.csv, 09_DECISIONS.md §4 krok 1)"
0381IbnBabawayhSaduq.Tawhid.Shia001136-ara1,0381IbnBabawayhSaduq.Tawhid,0381IbnBabawayhSaduq,hadith_collection,tag:_HADITH,other,standard,"tag OpenITI _HADITH → hadith_collection (data/reference/openiti_tag_genre_map.csv, 09_DECISIONS.md §4 krok 1)"
0388AbuSulaymanKhattabi.AclamHadith.Sham19Y0016946-ara1,0388AbuSulaymanKhattabi.AclamHadith,0388AbuSulaymanKhattabi,hadith_collection,title,hadith_collection,standard,fallback tytulowy → hadith_collection (09_DECISIONS.md §4 krok 2)
0388AbuSulaymanKhattabi.Cuzla.JK001213-ara1,0388AbuSulaymanKhattabi.Cuzla,0388AbuSulaymanKhattabi,hadith_collection,tag:_HADITH,hadith_collection,standard,"tag OpenITI _HADITH → hadith_collection (data/reference/openiti_tag_genre_map.csv, 09_DECISIONS.md §4 krok 1)"
0388AbuSulaymanKhattabi.GharibHadith.JK000239-ara1,0388AbuSulaymanKhattabi.GharibHadith,0388AbuSulaymanKhattabi,hadith_collection,tag:_HADITH,hadith_collection,standard,"tag OpenITI _HADITH → hadith_collection (data/reference/openiti_tag_genre_map.csv, 09_DECISIONS.md §4 krok 1)"
0388AbuSulaymanKhattabi.IslahGhalatMuhaddithin.Shamela0006923-ara1,0388AbuSulaymanKhattabi.IslahGhalatMuhaddithin,0388AbuSulaymanKhattabi,hadith_collection,tag:_HADITH,hadith_collection,standard,"tag OpenITI _HADITH → hadith_collection (data/reference/openiti_tag_genre_map.csv, 09_DECISIONS.md §4 krok 1)"
0388AbuSulaymanKhattabi.MacalimSunan.Shamela0001442-ara1,0388AbuSulaymanKhattabi.MacalimSunan,0388AbuSulaymanKhattabi,hadith_collection,tag:_HADITH,hadith_collection,standard,"tag OpenITI _HADITH → hadith_collection (data/reference/openiti_tag_genre_map.csv, 09_DECISIONS.md §4 krok 1)"
0430AbuNucaymIsbahani.AhadithMusnada.Shamela0009853-ara1,0430AbuNucaymIsbahani.AhadithMusnada,0430AbuNucaymIsbahani,hadith_collection,tag:_HADITH,hadith_collection,standard,"tag OpenITI _HADITH → hadith_collection (data/reference/openiti_tag_genre_map.csv, 09_DECISIONS.md §4 krok 1)"
0430AbuNucaymIsbahani.Amali.Shia002096-ara1,0430AbuNucaymIsbahani.Amali,0430AbuNucaymIsbahani,hadith_collection,tag:_HADITH,hadith_collection,standard,"tag OpenITI _HADITH → hadith_collection (data/reference/openiti_tag_genre_map.csv, 09_DECISIONS.md §4 krok 1)"
0430AbuNucaymIsbahani.ArbacunaCalaMadhhabMutahaqqiqin.Shamela0008246-ara1,0430AbuNucaymIsbahani.ArbacunaCalaMadhhabMutahaqqiqin,0430AbuNucaymIsbahani,hadith_collection,tag:_HADITH,hadith_collection,standard,"tag OpenITI _HADITH → hadith_collection (data/reference/openiti_tag_genre_map.csv, 09_DECISIONS.md §4 krok 1)"
0430AbuNucaymIsbahani.ArbacunaMinTibb.Shamela0029766-ara1,0430AbuNucaymIsbahani.ArbacunaMinTibb,0430AbuNucaymIsbahani,hadith_collection,tag:_HADITH,hadith_collection,standard,"tag OpenITI _HADITH → hadith_collection (data/reference/openiti_tag_genre_map.csv, 09_DECISIONS.md §4 krok 1)"
0430AbuNucaymIsbahani.DhikrManIsmuhuShucba.JK001241-ara1,0430AbuNucaymIsbahani.DhikrManIsmuhuShucba,0430AbuNucaymIsbahani,hadith_collection,tag:_HADITH,hadith_collection,standard,"tag OpenITI _HADITH → hadith_collection (data/reference/openiti_tag_genre_map.csv, 09_DECISIONS.md §4 krok 1)"
0430AbuNucaymIsbahani.Ducafa.JK000502-ara1,0430AbuNucaymIsbahani.Ducafa,0430AbuNucaymIsbahani,hadith_collection,tag:_HADITH,hadith_collection,standard,"tag OpenITI _HADITH → hadith_collection (data/reference/openiti_tag_genre_map.csv, 09_DECISIONS.md §4 krok 1)"
0430AbuNucaymIsbahani.FadailKhulafaRashidin.Shamela0008237-ara1,0430AbuNucaymIsbahani.FadailKhulafaRashidin,0430AbuNucaymIsbahani,hadith_collection,tag:_HADITH,hadith_collection,standard,"tag OpenITI _HADITH → hadith_collection (data/reference/openiti_tag_genre_map.csv, 09_DECISIONS.md §4 krok 1)"
0430AbuNucaymIsbahani.FadilatCadilin.JK000860-ara1,0430AbuNucaymIsbahani.FadilatCadilin,0430AbuNucaymIsbahani,hadith_collection,tag:_HADITH,hadith_collection,standard,"tag OpenITI _HADITH → hadith_collection (data/reference/openiti_tag_genre_map.csv, 09_DECISIONS.md §4 krok 1)"
0430AbuNucaymIsbahani.HilyatAwliya.JK000022-ara1,0430AbuNucaymIsbahani.HilyatAwliya,0430AbuNucaymIsbahani,hadith_collection,tag:_HADITH,hadith_collection,standard,"tag OpenITI _HADITH → hadith_collection (data/reference/openiti_tag_genre_map.csv, 09_DECISIONS.md §4 krok 1)"
0430AbuNucaymIsbahani.JuzAhadithCanAbiCaliSawwaf.Shamela0009416-ara1,0430AbuNucaymIsbahani.JuzAhadithCanAbiCaliSawwaf,0430AbuNucaymIsbahani,hadith_collection,tag:_HADITH,hadith_collection,standard,"tag OpenITI _HADITH → hadith_collection (data/reference/openiti_tag_genre_map.csv, 09_DECISIONS.md §4 krok 1)"
0430AbuNucaymIsbahani.MacrifatSahaba.JK009408-ara1,0430AbuNucaymIsbahani.MacrifatSahaba,0430AbuNucaymIsbahani,hadith_collection,tag:_HADITH,hadith_collection,standard,"tag OpenITI _HADITH → hadith_collection (data/reference/openiti_tag_genre_map.csv, 09_DECISIONS.md §4 krok 1)"
0430AbuNucaymIsbahani.MajlisMinAmali.JK000505-ara1,0430AbuNucaymIsbahani.MajlisMinAmali,0430AbuNucaymIsbahani,hadith_collection,tag:_HADITH,hadith_collection,standard,"tag OpenITI _HADITH → hadith_collection (data/reference/openiti_tag_genre_map.csv, 09_DECISIONS.md §4 krok 1)"
0430AbuNucaymIsbahani.MasanidAbiYahyaKufi.JK000611-ara1,0430AbuNucaymIsbahani.MasanidAbiYahyaKufi,0430AbuNucaymIsbahani,hadith_collection,tag:_HADITH,hadith_collection,standard,"tag OpenITI _HADITH → hadith_collection (data/reference/openiti_tag_genre_map.csv, 09_DECISIONS.md §4 krok 1)"
0430AbuNucaymIsbahani.MuntakhabMinHadithYunusIbnCubayd.Shamela0030552-ara1,0430AbuNucaymIsbahani.MuntakhabMinHadithYunusIbnCubayd,0430AbuNucaymIsbahani,hadith_collection,tag:_HADITH,hadith_collection,standard,"tag OpenITI _HADITH → hadith_collection (data/reference/openiti_tag_genre_map.csv, 09_DECISIONS.md §4 krok 1)"
0430AbuNucaymIsbahani.MuntakhabMinShucara.Shamela0027105-ara1,0430AbuNucaymIsbahani.MuntakhabMinShucara,0430AbuNucaymIsbahani,hadith_collection,tag:_HADITH,hadith_collection,standard,"tag OpenITI _HADITH → hadith_collection (data/reference/openiti_tag_genre_map.csv, 09_DECISIONS.md §4 krok 1)"
0430AbuNucaymIsbahani.MusnadAbiHanifa.JK000736-ara1,0430AbuNucaymIsbahani.MusnadAbiHanifa,0430AbuNucaymIsbahani,hadith_collection,tag:_HADITH,hadith_collection,standard,"tag OpenITI _HADITH → hadith_collection (data/reference/openiti_tag_genre_map.csv, 09_DECISIONS.md §4 krok 1)"
0430AbuNucaymIsbahani.MusnadMustakhrajCalaSahihMuslim.JK000977-ara1,0430AbuNucaymIsbahani.MusnadMustakhrajCalaSahihMuslim,0430AbuNucaymIsbahani,hadith_collection,tag:_HADITH,hadith_collection,standard,"tag OpenITI _HADITH → hadith_collection (data/reference/openiti_tag_genre_map.csv, 09_DECISIONS.md §4 krok 1)"
0430AbuNucaymIsbahani.MustakhrajCalaSahihBukhari.ShamAY0038083-ara1,0430AbuNucaymIsbahani.MustakhrajCalaSahihBukhari,0430AbuNucaymIsbahani,hadith_collection,title,hadith_collection,standard,fallback tytulowy → hadith_collection (09_DECISIONS.md §4 krok 2)
0430AbuNucaymIsbahani.RiyadatAbdan.JK000596-ara1,0430AbuNucaymIsbahani.RiyadatAbdan,0430AbuNucaymIsbahani,hadith_collection,tag:_HADITH,hadith_collection,standard,"tag OpenITI _HADITH → hadith_collection (data/reference/openiti_tag_genre_map.csv, 09_DECISIONS.md §4 krok 1)"
0430AbuNucaymIsbahani.SifatJanna.Shamela0021602-ara1,0430AbuNucaymIsbahani.SifatJanna,0430AbuNucaymIsbahani,hadith_collection,tag:_HADITH,hadith_collection,standard,"tag OpenITI _HADITH → hadith_collection (data/reference/openiti_tag_genre_map.csv, 09_DECISIONS.md §4 krok 1)"
0430AbuNucaymIsbahani.SifatNifaq.Shamela0021485-ara1,0430AbuNucaymIsbahani.SifatNifaq,0430AbuNucaymIsbahani,hadith_collection,tag:_HADITH,hadith_collection,standard,"tag OpenITI _HADITH → hadith_collection (data/reference/openiti_tag_genre_map.csv, 09_DECISIONS.md §4 krok 1)"
0430AbuNucaymIsbahani.TarikhIsbahan.Shia003488Vols-ara1,0430AbuNucaymIsbahani.TarikhIsbahan,0430AbuNucaymIsbahani,hadith_collection,tag:_HADITH,hadith_collection,standard,"tag OpenITI _HADITH → hadith_collection (data/reference/openiti_tag_genre_map.csv, 09_DECISIONS.md §4 krok 1)"
0430AbuNucaymIsbahani.TasmiyatRuwatCanFadlIbnDakin.Shamela0009312-ara1,0430AbuNucaymIsbahani.TasmiyatRuwatCanFadlIbnDakin,0430AbuNucaymIsbahani,hadith_collection,tag:_HADITH,hadith_collection,standard,"tag OpenITI _HADITH → hadith_collection (data/reference/openiti_tag_genre_map.csv, 09_DECISIONS.md §4 krok 1)"
0430AbuNucaymIsbahani.TasmiyatRuwatCanSacidIbnMansur.JK000717-ara1,0430AbuNucaymIsbahani.TasmiyatRuwatCanSacidIbnMansur,0430AbuNucaymIsbahani,hadith_collection,tag:_HADITH,hadith_collection,standard,"tag OpenITI _HADITH → hadith_collection (data/reference/openiti_tag_genre_map.csv, 09_DECISIONS.md §4 krok 1)"
0430AbuNucaymIsbahani.TibbNabawi.Shamela0026429-ara1,0430AbuNucaymIsbahani.TibbNabawi,0430AbuNucaymIsbahani,hadith_collection,tag:_HADITH,hadith_collection,standard,"tag OpenITI _HADITH → hadith_collection (data/reference/openiti_tag_genre_map.csv, 09_DECISIONS.md §4 krok 1)"
0430AbuNucaymIsbahani.TuruqHadithInnaLillah99Isman.JK000848-ara1,0430AbuNucaymIsbahani.TuruqHadithInnaLillah99Isman,0430AbuNucaymIsbahani,hadith_collection,tag:_HADITH,hadith_collection,standard,"tag OpenITI _HADITH → hadith_collection (data/reference/openiti_tag_genre_map.csv, 09_DECISIONS.md §4 krok 1)"
0456IbnHazm.HajjatWidac.JK001284-ara1,0456IbnHazm.HajjatWidac,0456IbnHazm,hadith_collection,tag:_HADITH,hadith_collection,standard,"tag OpenITI _HADITH → hadith_collection (data/reference/openiti_tag_genre_map.csv, 09_DECISIONS.md §4 krok 1)"
0456IbnHazm.MuhallaBiAthar.Shamela0000767-ara1,0456IbnHazm.MuhallaBiAthar,0456IbnHazm,hadith_collection,tag:_HADITH,hadith_collection,standard,"tag OpenITI _HADITH → hadith_collection (data/reference/openiti_tag_genre_map.csv, 09_DECISIONS.md §4 krok 1)"
0458Bayhaqi.ArbacunaSughra.JK000733-ara1,0458Bayhaqi.ArbacunaSughra,0458Bayhaqi,hadith_collection,tag:_HADITH,other,standard,"tag OpenITI _HADITH → hadith_collection (data/reference/openiti_tag_genre_map.csv, 09_DECISIONS.md §4 krok 1)"
0458Bayhaqi.BayanKhata.JK000711-ara1,0458Bayhaqi.BayanKhata,0458Bayhaqi,hadith_collection,tag:_HADITH,other,standard,"tag OpenITI _HADITH → hadith_collection (data/reference/openiti_tag_genre_map.csv, 09_DECISIONS.md §4 krok 1)"
0458Bayhaqi.DacawatKabir.Shamela0008970-ara1,0458Bayhaqi.DacawatKabir,0458Bayhaqi,hadith_collection,tag:_HADITH,other,standard,"tag OpenITI _HADITH → hadith_collection (data/reference/openiti_tag_genre_map.csv, 09_DECISIONS.md §4 krok 1)"
0458Bayhaqi.DalailNubuwwa.JK006838-ara1,0458Bayhaqi.DalailNubuwwa,0458Bayhaqi,hadith_collection,tag:_HADITH,other,standard,"tag OpenITI _HADITH → hadith_collection (data/reference/openiti_tag_genre_map.csv, 09_DECISIONS.md §4 krok 1)"
0458Bayhaqi.FadailAwqat.JK000024-ara1,0458Bayhaqi.FadailAwqat,0458Bayhaqi,hadith_collection,tag:_HADITH,other,standard,"tag OpenITI _HADITH → hadith_collection (data/reference/openiti_tag_genre_map.csv, 09_DECISIONS.md §4 krok 1)"
0458Bayhaqi.HadithJuwaybari.Shamela0007531-ara1,0458Bayhaqi.HadithJuwaybari,0458Bayhaqi,hadith_collection,tag:_HADITH,other,standard,"tag OpenITI _HADITH → hadith_collection (data/reference/openiti_tag_genre_map.csv, 09_DECISIONS.md §4 krok 1)"
0458Bayhaqi.HayatAnbiya.JK000949-ara1,0458Bayhaqi.HayatAnbiya,0458Bayhaqi,hadith_collection,tag:_HADITH,other,standard,"tag OpenITI _HADITH → hadith_collection (data/reference/openiti_tag_genre_map.csv, 09_DECISIONS.md §4 krok 1)"
0458Bayhaqi.IthbatCadhabQabr.JK000314-ara1,0458Bayhaqi.IthbatCadhabQabr,0458Bayhaqi,hadith_collection,tag:_HADITH,other,standard,"tag OpenITI _HADITH → hadith_collection (data/reference/openiti_tag_genre_map.csv, 09_DECISIONS.md §4 krok 1)"
0458Bayhaqi.MadkhalIlaCilmSunan.Sham19Y0039268-ara1,0458Bayhaqi.MadkhalIlaCilmSunan,0458Bayhaqi,hadith_collection,title,other,standard,fallback tytulowy → hadith_collection (09_DECISIONS.md §4 krok 2)
0458Bayhaqi.MadkhalIlaSunanKubra.JK000728-ara1,0458Bayhaqi.MadkhalIlaSunanKubra,0458Bayhaqi,hadith_collection,tag:_HADITH,other,standard,"tag OpenITI _HADITH → hadith_collection (data/reference/openiti_tag_genre_map.csv, 09_DECISIONS.md §4 krok 1)"
0458Bayhaqi.QiraaKhalfaImam.JK000631-ara1,0458Bayhaqi.QiraaKhalfaImam,0458Bayhaqi,hadith_collection,tag:_HADITH,other,standard,"tag OpenITI _HADITH → hadith_collection (data/reference/openiti_tag_genre_map.csv, 09_DECISIONS.md §4 krok 1)"
0458Bayhaqi.RisalaIlaJuwayni.Shamela0027089-ara1,0458Bayhaqi.RisalaIlaJuwayni,0458Bayhaqi,hadith_collection,tag:_HADITH,other,standard,"tag OpenITI _HADITH → hadith_collection (data/reference/openiti_tag_genre_map.csv, 09_DECISIONS.md §4 krok 1)"
0458Bayhaqi.ZuhdKabir.JK001288-ara1,0458Bayhaqi.ZuhdKabir,0458Bayhaqi,hadith_collection,tag:_HADITH,other,standard,"tag OpenITI _HADITH → hadith_collection (data/reference/openiti_tag_genre_map.csv, 09_DECISIONS.md §4 krok 1)"
0460ShaykhTusi.Istibsar.Shia001157Vols-ara1,0460ShaykhTusi.Istibsar,0460ShaykhTusi,hadith_collection,tag:_HADITH,fiqh,standard,"tag OpenITI _HADITH → hadith_collection (data/reference/openiti_tag_genre_map.csv, 09_DECISIONS.md §4 krok 1)"
0460ShaykhTusi.TahdhibAhkam.Zaydiyya0000302-ara1,0460ShaykhTusi.TahdhibAhkam,0460ShaykhTusi,hadith_collection,tag:_HADITH,fiqh,standard,"tag OpenITI _HADITH → hadith_collection (data/reference/openiti_tag_genre_map.csv, 09_DECISIONS.md §4 krok 1)"
0463IbnCabdBarr.Durar.Shamela0010695-ara1,0463IbnCabdBarr.Durar,0463IbnCabdBarr,hadith_collection,tag:_HADITH,hadith_collection,standard,"tag OpenITI _HADITH → hadith_collection (data/reference/openiti_tag_genre_map.csv, 09_DECISIONS.md §4 krok 1)"
0463IbnCabdBarr.InbahCalaQabail.JK000948-ara1,0463IbnCabdBarr.InbahCalaQabail,0463IbnCabdBarr,hadith_collection,tag:_HADITH,hadith_collection,standard,"tag OpenITI _HADITH → hadith_collection (data/reference/openiti_tag_genre_map.csv, 09_DECISIONS.md §4 krok 1)"
0463IbnCabdBarr.IntiqaFiFadail.Shamela0006733-ara1,0463IbnCabdBarr.IntiqaFiFadail,0463IbnCabdBarr,hadith_collection,tag:_HADITH,hadith_collection,standard,"tag OpenITI _HADITH → hadith_collection (data/reference/openiti_tag_genre_map.csv, 09_DECISIONS.md §4 krok 1)"
0463IbnCabdBarr.IsticabFiMacrifatAshab.JK000778-ara1,0463IbnCabdBarr.IsticabFiMacrifatAshab,0463IbnCabdBarr,hadith_collection,tag:_HADITH,hadith_collection,standard,"tag OpenITI _HADITH → hadith_collection (data/reference/openiti_tag_genre_map.csv, 09_DECISIONS.md §4 krok 1)"
0463IbnCabdBarr.IstidhkarJamic.JK001503-ara1,0463IbnCabdBarr.IstidhkarJamic,0463IbnCabdBarr,hadith_collection,tag:_HADITH,hadith_collection,standard,"tag OpenITI _HADITH → hadith_collection (data/reference/openiti_tag_genre_map.csv, 09_DECISIONS.md §4 krok 1)"
0463IbnCabdBarr.JamicBayan.JK000005-ara1,0463IbnCabdBarr.JamicBayan,0463IbnCabdBarr,hadith_collection,tag:_HADITH,hadith_collection,standard,"tag OpenITI _HADITH → hadith_collection (data/reference/openiti_tag_genre_map.csv, 09_DECISIONS.md §4 krok 1)"
0463IbnCabdBarr.KafiFiFiqh.JK000881-ara1,0463IbnCabdBarr.KafiFiFiqh,0463IbnCabdBarr,hadith_collection,tag:_HADITH,hadith_collection,standard,"tag OpenITI _HADITH → hadith_collection (data/reference/openiti_tag_genre_map.csv, 09_DECISIONS.md §4 krok 1)"
0463IbnCabdBarr.TamhidMuwatta.JK000585-ara1,0463IbnCabdBarr.TamhidMuwatta,0463IbnCabdBarr,hadith_collection,tag:_HADITH,hadith_collection,standard,"tag OpenITI _HADITH → hadith_collection (data/reference/openiti_tag_genre_map.csv, 09_DECISIONS.md §4 krok 1)"
0463KhatibBaghdadi.ArbacMajalis.Shamela0030025-ara1,0463KhatibBaghdadi.ArbacMajalis,0463KhatibBaghdadi,hadith_collection,tag:_HADITH,hadith_collection,standard,"tag OpenITI _HADITH → hadith_collection (data/reference/openiti_tag_genre_map.csv, 09_DECISIONS.md §4 krok 1)"
0463KhatibBaghdadi.Bukhala.Shamela0021475-ara1,0463KhatibBaghdadi.Bukhala,0463KhatibBaghdadi,hadith_collection,tag:_HADITH,hadith_collection,standard,"tag OpenITI _HADITH → hadith_collection (data/reference/openiti_tag_genre_map.csv, 09_DECISIONS.md §4 krok 1)"
0463KhatibBaghdadi.CawaliMalik.Shamela0026750-ara1,0463KhatibBaghdadi.CawaliMalik,0463KhatibBaghdadi,hadith_collection,tag:_HADITH,hadith_collection,standard,"tag OpenITI _HADITH → hadith_collection (data/reference/openiti_tag_genre_map.csv, 09_DECISIONS.md §4 krok 1)"
0463KhatibBaghdadi.DhikrJahrBiBasmala.Shamela0029892-ara1,0463KhatibBaghdadi.DhikrJahrBiBasmala,0463KhatibBaghdadi,hadith_collection,tag:_HADITH,hadith_collection,standard,"tag OpenITI _HADITH → hadith_collection (data/reference/openiti_tag_genre_map.csv, 09_DECISIONS.md §4 krok 1)"
0463KhatibBaghdadi.DhikrSalatTasbih.Shamela0026373-ara1,0463KhatibBaghdadi.DhikrSalatTasbih,0463KhatibBaghdadi,hadith_collection,tag:_HADITH,hadith_collection,standard,"tag OpenITI _HADITH → hadith_collection (data/reference/openiti_tag_genre_map.csv, 09_DECISIONS.md §4 krok 1)"
0463KhatibBaghdadi.FaslLiWaslMudrajFiNaql.JK000720-ara1,0463KhatibBaghdadi.FaslLiWaslMudrajFiNaql,0463KhatibBaghdadi,hadith_collection,tag:_HADITH,hadith_collection,standard,"tag OpenITI _HADITH → hadith_collection (data/reference/openiti_tag_genre_map.csv, 09_DECISIONS.md §4 krok 1)"
0463KhatibBaghdadi.GhunyatMultamis.Shamela0005777-ara1,0463KhatibBaghdadi.GhunyatMultamis,0463KhatibBaghdadi,hadith_collection,tag:_HADITH,hadith_collection,standard,"tag OpenITI _HADITH → hadith_collection (data/reference/openiti_tag_genre_map.csv, 09_DECISIONS.md §4 krok 1)"
0463KhatibBaghdadi.HadithSittaMinTabicin.JK000636-ara1,0463KhatibBaghdadi.HadithSittaMinTabicin,0463KhatibBaghdadi,hadith_collection,tag:_HADITH,hadith_collection,standard,"tag OpenITI _HADITH → hadith_collection (data/reference/openiti_tag_genre_map.csv, 09_DECISIONS.md §4 krok 1)"
0463KhatibBaghdadi.IqtidaCilmCamal.JK000607-ara1,0463KhatibBaghdadi.IqtidaCilmCamal,0463KhatibBaghdadi,hadith_collection,tag:_HADITH,hadith_collection,standard,"tag OpenITI _HADITH → hadith_collection (data/reference/openiti_tag_genre_map.csv, 09_DECISIONS.md §4 krok 1)"
0463KhatibBaghdadi.JamicLiAkhlaqRawiWaAdabSamic.JK000761-ara1,0463KhatibBaghdadi.JamicLiAkhlaqRawiWaAdabSamic,0463KhatibBaghdadi,hadith_collection,tag:_HADITH,hadith_collection,standard,"tag OpenITI _HADITH → hadith_collection (data/reference/openiti_tag_genre_map.csv, 09_DECISIONS.md §4 krok 1)"
0463KhatibBaghdadi.KifayaFiCilmRiwaya.JK000135-ara1,0463KhatibBaghdadi.KifayaFiCilmRiwaya,0463KhatibBaghdadi,hadith_collection,tag:_HADITH,hadith_collection,standard,"tag OpenITI _HADITH → hadith_collection (data/reference/openiti_tag_genre_map.csv, 09_DECISIONS.md §4 krok 1)"
0463KhatibBaghdadi.MuwaddihAwham.JK000776-ara1,0463KhatibBaghdadi.MuwaddihAwham,0463KhatibBaghdadi,hadith_collection,tag:_HADITH,hadith_collection,standard,"tag OpenITI _HADITH → hadith_collection (data/reference/openiti_tag_genre_map.csv, 09_DECISIONS.md §4 krok 1)"
0463KhatibBaghdadi.NasihatAhlHadith.JK000632-ara1,0463KhatibBaghdadi.NasihatAhlHadith,0463KhatibBaghdadi,hadith_collection,tag:_HADITH,hadith_collection,standard,"tag OpenITI _HADITH → hadith_collection (data/reference/openiti_tag_genre_map.csv, 09_DECISIONS.md §4 krok 1)"
0463KhatibBaghdadi.RihlaFiTalabCilm.JK000727-ara1,0463KhatibBaghdadi.RihlaFiTalabCilm,0463KhatibBaghdadi,hadith_collection,tag:_HADITH,hadith_collection,standard,"tag OpenITI _HADITH → hadith_collection (data/reference/openiti_tag_genre_map.csv, 09_DECISIONS.md §4 krok 1)"
0463KhatibBaghdadi.SabiqWaLahiq.Shamela0007640-ara1,0463KhatibBaghdadi.SabiqWaLahiq,0463KhatibBaghdadi,hadith_collection,tag:_HADITH,hadith_collection,standard,"tag OpenITI _HADITH → hadith_collection (data/reference/openiti_tag_genre_map.csv, 09_DECISIONS.md §4 krok 1)"
0463KhatibBaghdadi.SharafAshabHadith.JK000837-ara1,0463KhatibBaghdadi.SharafAshabHadith,0463KhatibBaghdadi,hadith_collection,tag:_HADITH,hadith_collection,standard,"tag OpenITI _HADITH → hadith_collection (data/reference/openiti_tag_genre_map.csv, 09_DECISIONS.md §4 krok 1)"
0463KhatibBaghdadi.TaliTalkhisMutashabih.JK000617-ara1,0463KhatibBaghdadi.TaliTalkhisMutashabih,0463KhatibBaghdadi,hadith_collection,tag:_HADITH,hadith_collection,standard,"tag OpenITI _HADITH → hadith_collection (data/reference/openiti_tag_genre_map.csv, 09_DECISIONS.md §4 krok 1)"
0463KhatibBaghdadi.TalkhisMutashabih.Shamela0021477-ara1,0463KhatibBaghdadi.TalkhisMutashabih,0463KhatibBaghdadi,hadith_collection,tag:_HADITH,hadith_collection,standard,"tag OpenITI _HADITH → hadith_collection (data/reference/openiti_tag_genre_map.csv, 09_DECISIONS.md §4 krok 1)"
0463KhatibBaghdadi.TaqyidCilm.JK000627-ara1,0463KhatibBaghdadi.TaqyidCilm,0463KhatibBaghdadi,hadith_collection,tag:_HADITH,hadith_collection,standard,"tag OpenITI _HADITH → hadith_collection (data/reference/openiti_tag_genre_map.csv, 09_DECISIONS.md §4 krok 1)"
0463KhatibBaghdadi.TarikhBaghdad.Shamela0000736-ara2,0463KhatibBaghdadi.TarikhBaghdad,0463KhatibBaghdadi,hadith_collection,tag:_HADITH,hadith_collection,standard,"tag OpenITI _HADITH → hadith_collection (data/reference/openiti_tag_genre_map.csv, 09_DECISIONS.md §4 krok 1)"
0465IbnHawazinQushayri.Arbacina.ShamAY0033704-ara1,0465IbnHawazinQushayri.Arbacina,0465IbnHawazinQushayri,hadith_collection,title,tafsir,standard,fallback tytulowy → hadith_collection (09_DECISIONS.md §4 krok 2)
0483IbnAhmadSarakhsi.SharhSiyarKabir.JK009218-ara1,0483IbnAhmadSarakhsi.SharhSiyarKabir,0483IbnAhmadSarakhsi,hadith_collection,tag:_HADITH,fiqh,standard,"tag OpenITI _HADITH → hadith_collection (data/reference/openiti_tag_genre_map.csv, 09_DECISIONS.md §4 krok 1)"
0521IbnMuhammadBatalyawsi.MushkilatMuwatta.Shamela0006037-ara1,0521IbnMuhammadBatalyawsi.MushkilatMuwatta,0521IbnMuhammadBatalyawsi,hadith_collection,tag:_HADITH,adab_prose,standard,"tag OpenITI _HADITH → hadith_collection (data/reference/openiti_tag_genre_map.csv, 09_DECISIONS.md §4 krok 1)"
0544QadiCiyad.Ghunya.Shamela0026463-ara1,0544QadiCiyad.Ghunya,0544QadiCiyad,hadith_collection,tag:_HADITH,hadith_collection,standard,"tag OpenITI _HADITH → hadith_collection (data/reference/openiti_tag_genre_map.csv, 09_DECISIONS.md §4 krok 1)"
0544QadiCiyad.IkmalMuclim.Sham19Y0122406-ara1,0544QadiCiyad.IkmalMuclim,0544QadiCiyad,hadith_collection,title,hadith_collection,standard,fallback tytulowy → hadith_collection (09_DECISIONS.md §4 krok 2)
0544QadiCiyad.IlmacIlaMacrifa.JK000968-ara1,0544QadiCiyad.IlmacIlaMacrifa,0544QadiCiyad,hadith_collection,tag:_HADITH,hadith_collection,standard,"tag OpenITI _HADITH → hadith_collection (data/reference/openiti_tag_genre_map.csv, 09_DECISIONS.md §4 krok 1)"
0544QadiCiyad.MashariqAnwar.Shamela0010527-ara1,0544QadiCiyad.MashariqAnwar,0544QadiCiyad,hadith_collection,tag:_HADITH,hadith_collection,standard,"tag OpenITI _HADITH → hadith_collection (data/reference/openiti_tag_genre_map.csv, 09_DECISIONS.md §4 krok 1)"
0562Samcani.AdabImla.JK000448-ara1,0562Samcani.AdabImla,0562Samcani,hadith_collection,tag:_HADITH,biography,standard,"tag OpenITI _HADITH → hadith_collection (data/reference/openiti_tag_genre_map.csv, 09_DECISIONS.md §4 krok 1)"
0562Samcani.FadailSham.Masaha004845BK3-ara1,0562Samcani.FadailSham,0562Samcani,hadith_collection,tag:_HADITH,biography,standard,"tag OpenITI _HADITH → hadith_collection (data/reference/openiti_tag_genre_map.csv, 09_DECISIONS.md §4 krok 1)"
0571IbnCasakir.AkhbarLiHifzQuran.Shamela0026866-ara1,0571IbnCasakir.AkhbarLiHifzQuran,0571IbnCasakir,hadith_collection,tag:_HADITH,history,standard,"tag OpenITI _HADITH → hadith_collection (data/reference/openiti_tag_genre_map.csv, 09_DECISIONS.md §4 krok 1)"
0571IbnCasakir.ArbacunaAbdalCawali.Shamela0026742-ara1,0571IbnCasakir.ArbacunaAbdalCawali,0571IbnCasakir,hadith_collection,tag:_HADITH,history,standard,"tag OpenITI _HADITH → hadith_collection (data/reference/openiti_tag_genre_map.csv, 09_DECISIONS.md §4 krok 1)"
0571IbnCasakir.ArbacunaFiHathth.Shamela0005716-ara1,0571IbnCasakir.ArbacunaFiHathth,0571IbnCasakir,hadith_collection,tag:_HADITH,history,standard,"tag OpenITI _HADITH → hadith_collection (data/reference/openiti_tag_genre_map.csv, 09_DECISIONS.md §4 krok 1)"
0571IbnCasakir.ArbacunaMinMusawat.Shamela0009371-ara1,0571IbnCasakir.ArbacunaMinMusawat,0571IbnCasakir,hadith_collection,tag:_HADITH,history,standard,"tag OpenITI _HADITH → hadith_collection (data/reference/openiti_tag_genre_map.csv, 09_DECISIONS.md §4 krok 1)"
0571IbnCasakir.DhammDhiWajhayn.Shamela0026467-ara1,0571IbnCasakir.DhammDhiWajhayn,0571IbnCasakir,hadith_collection,tag:_HADITH,history,standard,"tag OpenITI _HADITH → hadith_collection (data/reference/openiti_tag_genre_map.csv, 09_DECISIONS.md §4 krok 1)"
0571IbnCasakir.DhammMalahi.Shamela0026707-ara1,0571IbnCasakir.DhammMalahi,0571IbnCasakir,hadith_collection,tag:_HADITH,history,standard,"tag OpenITI _HADITH → hadith_collection (data/reference/openiti_tag_genre_map.csv, 09_DECISIONS.md §4 krok 1)"
0571IbnCasakir.DhammManLaYacmaluBiCilmihi.Shamela0026501-ara1,0571IbnCasakir.DhammManLaYacmaluBiCilmihi,0571IbnCasakir,hadith_collection,tag:_HADITH,history,standard,"tag OpenITI _HADITH → hadith_collection (data/reference/openiti_tag_genre_map.csv, 09_DECISIONS.md §4 krok 1)"
0571IbnCasakir.DhammQuranaSu.Shamela0026861-ara1,0571IbnCasakir.DhammQuranaSu,0571IbnCasakir,hadith_collection,tag:_HADITH,history,standard,"tag OpenITI _HADITH → hadith_collection (data/reference/openiti_tag_genre_map.csv, 09_DECISIONS.md §4 krok 1)"
0571IbnCasakir.FadilatDhikrAllah.Shamela0026719-ara1,0571IbnCasakir.FadilatDhikrAllah,0571IbnCasakir,hadith_collection,tag:_HADITH,history,standard,"tag OpenITI _HADITH → hadith_collection (data/reference/openiti_tag_genre_map.csv, 09_DECISIONS.md §4 krok 1)"
0571IbnCasakir.FadlShahrRamadan.Shamela0026468-ara1,0571IbnCasakir.FadlShahrRamadan,0571IbnCasakir,hadith_collection,tag:_HADITH,history,standard,"tag OpenITI _HADITH → hadith_collection (data/reference/openiti_tag_genre_map.csv, 09_DECISIONS.md §4 krok 1)"
0571IbnCasakir.FadlUmmMumininCaisha.Shamela0026735-ara1,0571IbnCasakir.FadlUmmMumininCaisha,0571IbnCasakir,hadith_collection,tag:_HADITH,history,standard,"tag OpenITI _HADITH → hadith_collection (data/reference/openiti_tag_genre_map.csv, 09_DECISIONS.md §4 krok 1)"
0571IbnCasakir.FadlYawmCarafa.Shamela0026469-ara1,0571IbnCasakir.FadlYawmCarafa,0571IbnCasakir,hadith_collection,tag:_HADITH,history,standard,"tag OpenITI _HADITH → hadith_collection (data/reference/openiti_tag_genre_map.csv, 09_DECISIONS.md §4 krok 1)"
0571IbnCasakir.HadiWaKhamsunMinAmali.Shamela0029789-ara1,0571IbnCasakir.HadiWaKhamsunMinAmali,0571IbnCasakir,hadith_collection,tag:_HADITH,history,standard,"tag OpenITI _HADITH → hadith_collection (data/reference/openiti_tag_genre_map.csv, 09_DECISIONS.md §4 krok 1)"
0571IbnCasakir.JuzFiFadlRajab.Shamela0022053-ara1,0571IbnCasakir.JuzFiFadlRajab,0571IbnCasakir,hadith_collection,tag:_HADITH,history,standard,"tag OpenITI _HADITH → hadith_collection (data/reference/openiti_tag_genre_map.csv, 09_DECISIONS.md §4 krok 1)"
0571IbnCasakir.KashfMughatta.Shamela0006032-ara1,0571IbnCasakir.KashfMughatta,0571IbnCasakir,hadith_collection,tag:_HADITH,history,standard,"tag OpenITI _HADITH → hadith_collection (data/reference/openiti_tag_genre_map.csv, 09_DECISIONS.md §4 krok 1)"
0571IbnCasakir.MadhTawaduc.Shamela0012747-ara1,0571IbnCasakir.MadhTawaduc,0571IbnCasakir,hadith_collection,tag:_HADITH,history,standard,"tag OpenITI _HADITH → hadith_collection (data/reference/openiti_tag_genre_map.csv, 09_DECISIONS.md §4 krok 1)"
0571IbnCasakir.MinHadithAhlHurdan.Shamela0026851-ara1,0571IbnCasakir.MinHadithAhlHurdan,0571IbnCasakir,hadith_collection,tag:_HADITH,history,standard,"tag OpenITI _HADITH → hadith_collection (data/reference/openiti_tag_genre_map.csv, 09_DECISIONS.md §4 krok 1)"
0571IbnCasakir.MucjamShuyukh.Shamela0012750-ara1,0571IbnCasakir.MucjamShuyukh,0571IbnCasakir,hadith_collection,tag:_HADITH,history,standard,"tag OpenITI _HADITH → hadith_collection (data/reference/openiti_tag_genre_map.csv, 09_DECISIONS.md §4 krok 1)"
0571IbnCasakir.TabyinImtinan.Shamela0009965-ara1,0571IbnCasakir.TabyinImtinan,0571IbnCasakir,hadith_collection,tag:_HADITH,history,standard,"tag OpenITI _HADITH → hadith_collection (data/reference/openiti_tag_genre_map.csv, 09_DECISIONS.md §4 krok 1)"
0571IbnCasakir.TacziyatMuslim.Shamela0006766-ara1,0571IbnCasakir.TacziyatMuslim,0571IbnCasakir,hadith_collection,tag:_HADITH,history,standard,"tag OpenITI _HADITH → hadith_collection (data/reference/openiti_tag_genre_map.csv, 09_DECISIONS.md §4 krok 1)"
0571IbnCasakir.Tawba.Shamela0026465-ara1,0571IbnCasakir.Tawba,0571IbnCasakir,hadith_collection,tag:_HADITH,history,standard,"tag OpenITI _HADITH → hadith_collection (data/reference/openiti_tag_genre_map.csv, 09_DECISIONS.md §4 krok 1)"
0597IbnJawzi.CilalMutanahiyya.JK000629-ara1,0597IbnJawzi.CilalMutanahiyya,0597IbnJawzi,hadith_collection,tag:_HADITH,history,standard,"tag OpenITI _HADITH → hadith_collection (data/reference/openiti_tag_genre_map.csv, 09_DECISIONS.md §4 krok 1)"
0597IbnJawzi.DucafaWaMatrukin.Shamela0005830-ara1,0597IbnJawzi.DucafaWaMatrukin,0597IbnJawzi,hadith_collection,tag:_HADITH,history,standard,"tag OpenITI _HADITH → hadith_collection (data/reference/openiti_tag_genre_map.csv, 09_DECISIONS.md §4 krok 1)"
0597IbnJawzi.GharibHadith.JK001467-ara1,0597IbnJawzi.GharibHadith,0597IbnJawzi,hadith_collection,tag:_HADITH,history,standard,"tag OpenITI _HADITH → hadith_collection (data/reference/openiti_tag_genre_map.csv, 09_DECISIONS.md §4 krok 1)"
0597IbnJawzi.IclamMacalim.Shamela0009369-ara1,0597IbnJawzi.IclamMacalim,0597IbnJawzi,hadith_collection,tag:_HADITH,history,standard,"tag OpenITI _HADITH → hadith_collection (data/reference/openiti_tag_genre_map.csv, 09_DECISIONS.md §4 krok 1)"
0597IbnJawzi.IkhbarAhlRusukh.Shamela0022002-ara1,0597IbnJawzi.IkhbarAhlRusukh,0597IbnJawzi,hadith_collection,tag:_HADITH,history,standard,"tag OpenITI _HADITH → hadith_collection (data/reference/openiti_tag_genre_map.csv, 09_DECISIONS.md §4 krok 1)"
0597IbnJawzi.Mashyakha.Shamela0009619-ara1,0597IbnJawzi.Mashyakha,0597IbnJawzi,hadith_collection,tag:_HADITH,history,standard,"tag OpenITI _HADITH → hadith_collection (data/reference/openiti_tag_genre_map.csv, 09_DECISIONS.md §4 krok 1)"
0597IbnJawzi.Mawducat.JK005007-ara1,0597IbnJawzi.Mawducat,0597IbnJawzi,hadith_collection,tag:_HADITH,history,standard,"tag OpenITI _HADITH → hadith_collection (data/reference/openiti_tag_genre_map.csv, 09_DECISIONS.md §4 krok 1)"
0597IbnJawzi.Musalsalat.Shamela0012131-ara1,0597IbnJawzi.Musalsalat,0597IbnJawzi,hadith_collection,tag:_HADITH,history,standard,"tag OpenITI _HADITH → hadith_collection (data/reference/openiti_tag_genre_map.csv, 09_DECISIONS.md §4 krok 1)"
0597IbnJawzi.QussasWaMudhakkirin.JK005003-ara1,0597IbnJawzi.QussasWaMudhakkirin,0597IbnJawzi,hadith_collection,tag:_HADITH,history,standard,"tag OpenITI _HADITH → hadith_collection (data/reference/openiti_tag_genre_map.csv, 09_DECISIONS.md §4 krok 1)"
0597IbnJawzi.TahqiqFiAhadithKhilaf.JK000221-ara1,0597IbnJawzi.TahqiqFiAhadithKhilaf,0597IbnJawzi,hadith_collection,tag:_HADITH,history,standard,"tag OpenITI _HADITH → hadith_collection (data/reference/openiti_tag_genre_map.csv, 09_DECISIONS.md §4 krok 1)"
0606IbnAthirMajdDin.JamicUsul.JK009336-ara1,0606IbnAthirMajdDin.JamicUsul,0606IbnAthirMajdDin,hadith_collection,tag:_HADITH,hadith_collection,standard,"tag OpenITI _HADITH → hadith_collection (data/reference/openiti_tag_genre_map.csv, 09_DECISIONS.md §4 krok 1)"
0606IbnAthirMajdDin.NihayaFiGharib.Shamela0023691-ara1,0606IbnAthirMajdDin.NihayaFiGharib,0606IbnAthirMajdDin,hadith_collection,tag:_HADITH,hadith_collection,standard,"tag OpenITI _HADITH → hadith_collection (data/reference/openiti_tag_genre_map.csv, 09_DECISIONS.md §4 krok 1)"
0606IbnAthirMajdDin.Shafi.Sham19Y0013241-ara1,0606IbnAthirMajdDin.Shafi,0606IbnAthirMajdDin,hadith_collection,title,hadith_collection,standard,fallback tytulowy → hadith_collection (09_DECISIONS.md §4 krok 2)
0620IbnQudamaMaqdisi.BulghatTalibHathith.Shamela0011417-ara1,0620IbnQudamaMaqdisi.BulghatTalibHathith,0620IbnQudamaMaqdisi,hadith_collection,tag:_HADITH,fiqh,standard,"tag OpenITI _HADITH → hadith_collection (data/reference/openiti_tag_genre_map.csv, 09_DECISIONS.md §4 krok 1)"
0620IbnQudamaMaqdisi.DhammTawil.JK000335-ara1,0620IbnQudamaMaqdisi.DhammTawil,0620IbnQudamaMaqdisi,hadith_collection,tag:_HADITH,fiqh,standard,"tag OpenITI _HADITH → hadith_collection (data/reference/openiti_tag_genre_map.csv, 09_DECISIONS.md §4 krok 1)"
0620IbnQudamaMaqdisi.FadlYawmTarwiyya.Shamela0030317-ara1,0620IbnQudamaMaqdisi.FadlYawmTarwiyya,0620IbnQudamaMaqdisi,hadith_collection,tag:_HADITH,fiqh,standard,"tag OpenITI _HADITH → hadith_collection (data/reference/openiti_tag_genre_map.csv, 09_DECISIONS.md §4 krok 1)"
0620IbnQudamaMaqdisi.MutahabbinFiLlah.JK000671-ara1,0620IbnQudamaMaqdisi.MutahabbinFiLlah,0620IbnQudamaMaqdisi,hadith_collection,tag:_HADITH,fiqh,standard,"tag OpenITI _HADITH → hadith_collection (data/reference/openiti_tag_genre_map.csv, 09_DECISIONS.md §4 krok 1)"
0620IbnQudamaMaqdisi.RiqqaWaBuka.Shamela0009384-ara1,0620IbnQudamaMaqdisi.RiqqaWaBuka,0620IbnQudamaMaqdisi,hadith_collection,tag:_HADITH,fiqh,standard,"tag OpenITI _HADITH → hadith_collection (data/reference/openiti_tag_genre_map.csv, 09_DECISIONS.md §4 krok 1)"
0620IbnQudamaMaqdisi.Tawwabin.JK000430-ara1,0620IbnQudamaMaqdisi.Tawwabin,0620IbnQudamaMaqdisi,hadith_collection,tag:_HADITH,fiqh,standard,"tag OpenITI _HADITH → hadith_collection (data/reference/openiti_tag_genre_map.csv, 09_DECISIONS.md §4 krok 1)"
0630IbnAthirCizzDin.UsdGhaba.Shamela0023700-ara1,0630IbnAthirCizzDin.UsdGhaba,0630IbnAthirCizzDin,hadith_collection,tag:_HADITH,history,standard,"tag OpenITI _HADITH → hadith_collection (data/reference/openiti_tag_genre_map.csv, 09_DECISIONS.md §4 krok 1)"
0634AbuRabicHimyari.Musalsalat.Shamela0030665-ara1,0634AbuRabicHimyari.Musalsalat,0634AbuRabicHimyari,hadith_collection,tag:_HADITH,biography,standard,"tag OpenITI _HADITH → hadith_collection (data/reference/openiti_tag_genre_map.csv, 09_DECISIONS.md §4 krok 1)"
0676Nawawi.IjazFiSharhSunanAbiDawud.Shamela0005064-ara1,0676Nawawi.IjazFiSharhSunanAbiDawud,0676Nawawi,hadith_collection,tag:_HADITH,fiqh,standard,"tag OpenITI _HADITH → hadith_collection (data/reference/openiti_tag_genre_map.csv, 09_DECISIONS.md §4 krok 1)"
0676Nawawi.MinhajFiSharhMuslim.JK000137-ara1,0676Nawawi.MinhajFiSharhMuslim,0676Nawawi,hadith_collection,tag:_HADITH,fiqh,standard,"tag OpenITI _HADITH → hadith_collection (data/reference/openiti_tag_genre_map.csv, 09_DECISIONS.md §4 krok 1)"
0676Nawawi.RiyadSalihin.Shamela0012014-ara1,0676Nawawi.RiyadSalihin,0676Nawawi,hadith_collection,tag:_HADITH,fiqh,standard,"tag OpenITI _HADITH → hadith_collection (data/reference/openiti_tag_genre_map.csv, 09_DECISIONS.md §4 krok 1)"
0676Nawawi.Taqrib.JK010178-ara1,0676Nawawi.Taqrib,0676Nawawi,hadith_collection,tag:_HADITH,fiqh,standard,"tag OpenITI _HADITH → hadith_collection (data/reference/openiti_tag_genre_map.csv, 09_DECISIONS.md §4 krok 1)"
0694MuhibbDinTabari.Dhakhair.Shamela0001001-ara1,0694MuhibbDinTabari.Dhakhair,0694MuhibbDinTabari,hadith_collection,tag:_HADITH,biography,standard,"tag OpenITI _HADITH → hadith_collection (data/reference/openiti_tag_genre_map.csv, 09_DECISIONS.md §4 krok 1)"
0699IbnMaythamBahrani.SharhMiatKalima.Shia001379-ara1,0699IbnMaythamBahrani.SharhMiatKalima,0699IbnMaythamBahrani,hadith_collection,tag:_HADITH,theology,standard,"tag OpenITI _HADITH → hadith_collection (data/reference/openiti_tag_genre_map.csv, 09_DECISIONS.md §4 krok 1)"
0726CallamaHilli.MustajadMinIrshad.Shia001384-ara1,0726CallamaHilli.MustajadMinIrshad,0726CallamaHilli,hadith_collection,tag:_HADITH,fiqh,standard,"tag OpenITI _HADITH → hadith_collection (data/reference/openiti_tag_genre_map.csv, 09_DECISIONS.md §4 krok 1)"
0728IbnTaymiyya.AhadithCawaliMinIbnCarafa.JK000779-ara1,0728IbnTaymiyya.AhadithCawaliMinIbnCarafa,0728IbnTaymiyya,hadith_collection,tag:_HADITH,other,standard,"tag OpenITI _HADITH → hadith_collection (data/reference/openiti_tag_genre_map.csv, 09_DECISIONS.md §4 krok 1)"
0728IbnTaymiyya.ArbacunaTaymiyya.Shamela0009370-ara1,0728IbnTaymiyya.ArbacunaTaymiyya,0728IbnTaymiyya,hadith_collection,tag:_HADITH,other,standard,"tag OpenITI _HADITH → hadith_collection (data/reference/openiti_tag_genre_map.csv, 09_DECISIONS.md §4 krok 1)"
0728IbnTaymiyya.RasailWaFatawa.JK006950-ara1,0728IbnTaymiyya.RasailWaFatawa,0728IbnTaymiyya,hadith_collection,tag:_HADITH,other,standard,"tag OpenITI _HADITH → hadith_collection (data/reference/openiti_tag_genre_map.csv, 09_DECISIONS.md §4 krok 1)"
0728IbnTaymiyya.TahrimAqsam.ShamAY0034390-ara1,0728IbnTaymiyya.TahrimAqsam,0728IbnTaymiyya,hadith_collection,title,other,standard,fallback tytulowy → hadith_collection (09_DECISIONS.md §4 krok 2)
0742Mizzi.MuntaqaMinFawaid.Shamela0012846-ara1,0742Mizzi.MuntaqaMinFawaid,0742Mizzi,hadith_collection,tag:_HADITH,hadith_collection,standard,"tag OpenITI _HADITH → hadith_collection (data/reference/openiti_tag_genre_map.csv, 09_DECISIONS.md §4 krok 1)"
0742Mizzi.TahdhibKamal.Shamela0003722-ara1,0742Mizzi.TahdhibKamal,0742Mizzi,hadith_collection,tag:_HADITH,hadith_collection,standard,"tag OpenITI _HADITH → hadith_collection (data/reference/openiti_tag_genre_map.csv, 09_DECISIONS.md §4 krok 1)"
0742Mizzi.TarjamatMaslama.Shamela0026893-ara1,0742Mizzi.TarjamatMaslama,0742Mizzi,hadith_collection,tag:_HADITH,hadith_collection,standard,"tag OpenITI _HADITH → hadith_collection (data/reference/openiti_tag_genre_map.csv, 09_DECISIONS.md §4 krok 1)"
0743SharafDinTibi.SharhMishkat.Sham19Y0122257-ara1,0743SharafDinTibi.SharhMishkat,0743SharafDinTibi,hadith_collection,title,history,standard,fallback tytulowy → hadith_collection (09_DECISIONS.md §4 krok 2)
0748Dhahabi.ArbacinaFiSifat.Shamela0012861-ara1,0748Dhahabi.ArbacinaFiSifat,0748Dhahabi,hadith_collection,tag:_HADITH,hadith_collection,standard,"tag OpenITI _HADITH → hadith_collection (data/reference/openiti_tag_genre_map.csv, 09_DECISIONS.md §4 krok 1)"
0748Dhahabi.DhikrAsma.Shamela0001892-ara1,0748Dhahabi.DhikrAsma,0748Dhahabi,hadith_collection,tag:_HADITH,hadith_collection,standard,"tag OpenITI _HADITH → hadith_collection (data/reference/openiti_tag_genre_map.csv, 09_DECISIONS.md §4 krok 1)"
0748Dhahabi.DhikrFiJarh.Shamela0026112-ara1,0748Dhahabi.DhikrFiJarh,0748Dhahabi,hadith_collection,tag:_HADITH,hadith_collection,standard,"tag OpenITI _HADITH → hadith_collection (data/reference/openiti_tag_genre_map.csv, 09_DECISIONS.md §4 krok 1)"
0748Dhahabi.DinarMinHadith.JK000699-ara1,0748Dhahabi.DinarMinHadith,0748Dhahabi,hadith_collection,tag:_HADITH,hadith_collection,standard,"tag OpenITI _HADITH → hadith_collection (data/reference/openiti_tag_genre_map.csv, 09_DECISIONS.md §4 krok 1)"
0748Dhahabi.IthbatShafaca.Shamela0026890-ara1,0748Dhahabi.IthbatShafaca,0748Dhahabi,hadith_collection,tag:_HADITH,hadith_collection,standard,"tag OpenITI _HADITH → hadith_collection (data/reference/openiti_tag_genre_map.csv, 09_DECISIONS.md §4 krok 1)"
0748Dhahabi.Kashif.Shia003276Vols-ara1,0748Dhahabi.Kashif,0748Dhahabi,hadith_collection,tag:_HADITH,hadith_collection,standard,"tag OpenITI _HADITH → hadith_collection (data/reference/openiti_tag_genre_map.csv, 09_DECISIONS.md §4 krok 1)"
0748Dhahabi.MawducatMustadrak.Shamela0030341-ara1,0748Dhahabi.MawducatMustadrak,0748Dhahabi,hadith_collection,tag:_HADITH,hadith_collection,standard,"tag OpenITI _HADITH → hadith_collection (data/reference/openiti_tag_genre_map.csv, 09_DECISIONS.md §4 krok 1)"
0748Dhahabi.MizanIctidal.JK001293BK1-ara1,0748Dhahabi.MizanIctidal,0748Dhahabi,hadith_collection,tag:_HADITH,hadith_collection,standard,"tag OpenITI _HADITH → hadith_collection (data/reference/openiti_tag_genre_map.csv, 09_DECISIONS.md §4 krok 1)"
0748Dhahabi.MucjamLatif.ShamAY0033668-ara1,0748Dhahabi.MucjamLatif,0748Dhahabi,hadith_collection,tag:_HADITH,hadith_collection,standard,"tag OpenITI _HADITH → hadith_collection (data/reference/openiti_tag_genre_map.csv, 09_DECISIONS.md §4 krok 1)"
0748Dhahabi.MucjamMuhaddithin.JK000763-ara1,0748Dhahabi.MucjamMuhaddithin,0748Dhahabi,hadith_collection,tag:_HADITH,hadith_collection,standard,"tag OpenITI _HADITH → hadith_collection (data/reference/openiti_tag_genre_map.csv, 09_DECISIONS.md §4 krok 1)"
0748Dhahabi.MughniFiDucafa.JK001307-ara1,0748Dhahabi.MughniFiDucafa,0748Dhahabi,hadith_collection,tag:_HADITH,hadith_collection,standard,"tag OpenITI _HADITH → hadith_collection (data/reference/openiti_tag_genre_map.csv, 09_DECISIONS.md §4 krok 1)"
0748Dhahabi.MukhtasarMinDubaythi.JK009161-ara1,0748Dhahabi.MukhtasarMinDubaythi,0748Dhahabi,hadith_collection,tag:_HADITH,hadith_collection,standard,"tag OpenITI _HADITH → hadith_collection (data/reference/openiti_tag_genre_map.csv, 09_DECISIONS.md §4 krok 1)"
0748Dhahabi.MuqizaFiCilmMustalahHadith.Shamela0008195-ara1,0748Dhahabi.MuqizaFiCilmMustalahHadith,0748Dhahabi,hadith_collection,tag:_HADITH,hadith_collection,standard,"tag OpenITI _HADITH → hadith_collection (data/reference/openiti_tag_genre_map.csv, 09_DECISIONS.md §4 krok 1)"
0748Dhahabi.Muqtana.Shamela0007271-ara1,0748Dhahabi.Muqtana,0748Dhahabi,hadith_collection,tag:_HADITH,hadith_collection,standard,"tag OpenITI _HADITH → hadith_collection (data/reference/openiti_tag_genre_map.csv, 09_DECISIONS.md §4 krok 1)"
0748Dhahabi.RuwatThiqat.JK001220-ara1,0748Dhahabi.RuwatThiqat,0748Dhahabi,hadith_collection,tag:_HADITH,hadith_collection,standard,"tag OpenITI _HADITH → hadith_collection (data/reference/openiti_tag_genre_map.csv, 09_DECISIONS.md §4 krok 1)"
0748Dhahabi.SiyarAclamNubala.Shamela0010906-ara1,0748Dhahabi.SiyarAclamNubala,0748Dhahabi,hadith_collection,tag:_HADITH,hadith_collection,standard,"tag OpenITI _HADITH → hadith_collection (data/reference/openiti_tag_genre_map.csv, 09_DECISIONS.md §4 krok 1)"
0748Dhahabi.TadhkiratHuffaz.JK000532-ara1,0748Dhahabi.TadhkiratHuffaz,0748Dhahabi,hadith_collection,tag:_HADITH,hadith_collection,standard,"tag OpenITI _HADITH → hadith_collection (data/reference/openiti_tag_genre_map.csv, 09_DECISIONS.md §4 krok 1)"
0748Dhahabi.TalkhisMawducatIbnJawzi.Shamela0006068-ara1,0748Dhahabi.TalkhisMawducatIbnJawzi,0748Dhahabi,hadith_collection,tag:_HADITH,hadith_collection,standard,"tag OpenITI _HADITH → hadith_collection (data/reference/openiti_tag_genre_map.csv, 09_DECISIONS.md §4 krok 1)"
0748Dhahabi.TamassukBiSunan.JK009393-ara1,0748Dhahabi.TamassukBiSunan,0748Dhahabi,hadith_collection,tag:_HADITH,hadith_collection,standard,"tag OpenITI _HADITH → hadith_collection (data/reference/openiti_tag_genre_map.csv, 09_DECISIONS.md §4 krok 1)"
0748Dhahabi.TarjamatImamMuslim.Shamela0029830-ara1,0748Dhahabi.TarjamatImamMuslim,0748Dhahabi,hadith_collection,tag:_HADITH,hadith_collection,standard,"tag OpenITI _HADITH → hadith_collection (data/reference/openiti_tag_genre_map.csv, 09_DECISIONS.md §4 krok 1)"
0751IbnQayyimJawziyya.HashiyaCalaSunanAbiDawud.JK000097-ara1,0751IbnQayyimJawziyya.HashiyaCalaSunanAbiDawud,0751IbnQayyimJawziyya,hadith_collection,title,other,standard,fallback tytulowy → hadith_collection (09_DECISIONS.md §4 krok 2)
0751IbnQayyimJawziyya.ManarMunif.JK000092-ara1,0751IbnQayyimJawziyya.ManarMunif,0751IbnQayyimJawziyya,hadith_collection,tag:_HADITH,other,standard,"tag OpenITI _HADITH → hadith_collection (data/reference/openiti_tag_genre_map.csv, 09_DECISIONS.md §4 krok 1)"
0751IbnQayyimJawziyya.TahdhibSunanAbiDawud.ShamAY0035960-ara1,0751IbnQayyimJawziyya.TahdhibSunanAbiDawud,0751IbnQayyimJawziyya,hadith_collection,title,other,standard,fallback tytulowy → hadith_collection (09_DECISIONS.md §4 krok 2)
0771TajDinSubki.AhadithIhyaLaIsnadaLaha.JK005022-ara1,0771TajDinSubki.AhadithIhyaLaIsnadaLaha,0771TajDinSubki,hadith_collection,tag:_HADITH,history,standard,"tag OpenITI _HADITH → hadith_collection (data/reference/openiti_tag_genre_map.csv, 09_DECISIONS.md §4 krok 1)"
0771TajDinSubki.QacidaFiJarh.Shamela0026113-ara1,0771TajDinSubki.QacidaFiJarh,0771TajDinSubki,hadith_collection,tag:_HADITH,history,standard,"tag OpenITI _HADITH → hadith_collection (data/reference/openiti_tag_genre_map.csv, 09_DECISIONS.md §4 krok 1)"
0771TajDinSubki.QacidaFiMuarrikhin.Shamela0026114-ara1,0771TajDinSubki.QacidaFiMuarrikhin,0771TajDinSubki,hadith_collection,tag:_HADITH,history,standard,"tag OpenITI _HADITH → hadith_collection (data/reference/openiti_tag_genre_map.csv, 09_DECISIONS.md §4 krok 1)"
0774IbnKathir.JamicMasanid.Shamela0021809-ara1,0774IbnKathir.JamicMasanid,0774IbnKathir,hadith_collection,tag:_HADITH,history,standard,"tag OpenITI _HADITH → hadith_collection (data/reference/openiti_tag_genre_map.csv, 09_DECISIONS.md §4 krok 1)"
0774IbnKathir.MusnadCumarIbnKhattab.Shamela0026039-ara1,0774IbnKathir.MusnadCumarIbnKhattab,0774IbnKathir,hadith_collection,tag:_HADITH,history,standard,"tag OpenITI _HADITH → hadith_collection (data/reference/openiti_tag_genre_map.csv, 09_DECISIONS.md §4 krok 1)"
0774IbnKathir.TuhfatTalib.JK000762-ara1,0774IbnKathir.TuhfatTalib,0774IbnKathir,hadith_collection,tag:_HADITH,history,standard,"tag OpenITI _HADITH → hadith_collection (data/reference/openiti_tag_genre_map.csv, 09_DECISIONS.md §4 krok 1)"
0804IbnMulaqqin.TadhkiraFiCulumHadith.Shamela0023640-ara1,0804IbnMulaqqin.TadhkiraFiCulumHadith,0804IbnMulaqqin,hadith_collection,tag:_HADITH,hadith_collection,standard,"tag OpenITI _HADITH → hadith_collection (data/reference/openiti_tag_genre_map.csv, 09_DECISIONS.md §4 krok 1)"
0804IbnMulaqqin.TadhkiratMuhtaj.JK006802-ara1,0804IbnMulaqqin.TadhkiratMuhtaj,0804IbnMulaqqin,hadith_collection,tag:_HADITH,hadith_collection,standard,"tag OpenITI _HADITH → hadith_collection (data/reference/openiti_tag_genre_map.csv, 09_DECISIONS.md §4 krok 1)"
0804IbnMulaqqin.Tawdih.Sham19Y0013252-ara1,0804IbnMulaqqin.Tawdih,0804IbnMulaqqin,hadith_collection,title,hadith_collection,standard,fallback tytulowy → hadith_collection (09_DECISIONS.md §4 krok 2)
0804IbnMulaqqin.TuhfatMuhtaj.JK000271-ara1,0804IbnMulaqqin.TuhfatMuhtaj,0804IbnMulaqqin,hadith_collection,tag:_HADITH,hadith_collection,standard,"tag OpenITI _HADITH → hadith_collection (data/reference/openiti_tag_genre_map.csv, 09_DECISIONS.md §4 krok 1)"
0807NurDinHaythami.BughyatBahith.ShamAY0033926-ara1,0807NurDinHaythami.BughyatBahith,0807NurDinHaythami,hadith_collection,title,hadith_collection,standard,fallback tytulowy → hadith_collection (09_DECISIONS.md §4 krok 2)
0807NurDinHaythami.GhayatMaqsad.Shamela0009567-ara1,0807NurDinHaythami.GhayatMaqsad,0807NurDinHaythami,hadith_collection,tag:_HADITH,hadith_collection,standard,"tag OpenITI _HADITH → hadith_collection (data/reference/openiti_tag_genre_map.csv, 09_DECISIONS.md §4 krok 1)"
0807NurDinHaythami.KashfAstar.Shamela0012862-ara1,0807NurDinHaythami.KashfAstar,0807NurDinHaythami,hadith_collection,tag:_HADITH,hadith_collection,standard,"tag OpenITI _HADITH → hadith_collection (data/reference/openiti_tag_genre_map.csv, 09_DECISIONS.md §4 krok 1)"
0807NurDinHaythami.MajmacZawaid.JK000637-ara1,0807NurDinHaythami.MajmacZawaid,0807NurDinHaythami,hadith_collection,tag:_HADITH,hadith_collection,standard,"tag OpenITI _HADITH → hadith_collection (data/reference/openiti_tag_genre_map.csv, 09_DECISIONS.md §4 krok 1)"
0807NurDinHaythami.MaqsadCali.Shamela0021570-ara1,0807NurDinHaythami.MaqsadCali,0807NurDinHaythami,hadith_collection,tag:_HADITH,hadith_collection,standard,"tag OpenITI _HADITH → hadith_collection (data/reference/openiti_tag_genre_map.csv, 09_DECISIONS.md §4 krok 1)"
0807NurDinHaythami.MawaridZaman.JK000707-ara1,0807NurDinHaythami.MawaridZaman,0807NurDinHaythami,hadith_collection,tag:_HADITH,hadith_collection,standard,"tag OpenITI _HADITH → hadith_collection (data/reference/openiti_tag_genre_map.csv, 09_DECISIONS.md §4 krok 1)"
0808MuhammadDamiri.HayatHayawanKubra.JK009229-ara1,0808MuhammadDamiri.HayatHayawanKubra,0808MuhammadDamiri,hadith_collection,tag:_HADITH,other,standard,"tag OpenITI _HADITH → hadith_collection (data/reference/openiti_tag_genre_map.csv, 09_DECISIONS.md §4 krok 1)"
0842IbnNasirDinDimashqi.AhadithArbacuna.Shamela0030248-ara1,0842IbnNasirDinDimashqi.AhadithArbacuna,0842IbnNasirDinDimashqi,hadith_collection,tag:_HADITH,other,standard,"tag OpenITI _HADITH → hadith_collection (data/reference/openiti_tag_genre_map.csv, 09_DECISIONS.md §4 krok 1)"
0842IbnNasirDinDimashqi.AhadithSitta.Shamela0009353-ara1,0842IbnNasirDinDimashqi.AhadithSitta,0842IbnNasirDinDimashqi,hadith_collection,tag:_HADITH,other,standard,"tag OpenITI _HADITH → hadith_collection (data/reference/openiti_tag_genre_map.csv, 09_DECISIONS.md §4 krok 1)"
0842IbnNasirDinDimashqi.CarfCanbar.Shamela0009539-ara1,0842IbnNasirDinDimashqi.CarfCanbar,0842IbnNasirDinDimashqi,hadith_collection,tag:_HADITH,other,standard,"tag OpenITI _HADITH → hadith_collection (data/reference/openiti_tag_genre_map.csv, 09_DECISIONS.md §4 krok 1)"
0842IbnNasirDinDimashqi.IftitahQari.ShamAY0033545-ara1,0842IbnNasirDinDimashqi.IftitahQari,0842IbnNasirDinDimashqi,hadith_collection,title,other,standard,fallback tytulowy → hadith_collection (09_DECISIONS.md §4 krok 2)
0842IbnNasirDinDimashqi.ImlaAnfus.Shamela0009652-ara1,0842IbnNasirDinDimashqi.ImlaAnfus,0842IbnNasirDinDimashqi,hadith_collection,tag:_HADITH,other,standard,"tag OpenITI _HADITH → hadith_collection (data/reference/openiti_tag_genre_map.csv, 09_DECISIONS.md §4 krok 1)"
0842IbnNasirDinDimashqi.IsnadSahihBukhari.ShamAY0033544-ara1,0842IbnNasirDinDimashqi.IsnadSahihBukhari,0842IbnNasirDinDimashqi,hadith_collection,title,other,standard,fallback tytulowy → hadith_collection (09_DECISIONS.md §4 krok 2)
0842IbnNasirDinDimashqi.MajlisFiHadithJabir.JK000591-ara1,0842IbnNasirDinDimashqi.MajlisFiHadithJabir,0842IbnNasirDinDimashqi,hadith_collection,tag:_HADITH,other,standard,"tag OpenITI _HADITH → hadith_collection (data/reference/openiti_tag_genre_map.csv, 09_DECISIONS.md §4 krok 1)"
0842IbnNasirDinDimashqi.MajlisFiKhatmKitabShifa.Shamela0027088-ara1,0842IbnNasirDinDimashqi.MajlisFiKhatmKitabShifa,0842IbnNasirDinDimashqi,hadith_collection,tag:_HADITH,other,standard,"tag OpenITI _HADITH → hadith_collection (data/reference/openiti_tag_genre_map.csv, 09_DECISIONS.md §4 krok 1)"
0842IbnNasirDinDimashqi.TanwirFikra.Shamela0009393-ara1,0842IbnNasirDinDimashqi.TanwirFikra,0842IbnNasirDinDimashqi,hadith_collection,tag:_HADITH,other,standard,"tag OpenITI _HADITH → hadith_collection (data/reference/openiti_tag_genre_map.csv, 09_DECISIONS.md §4 krok 1)"
0842IbnNasirDinDimashqi.TawdihMushtabih.JK007097-ara1,0842IbnNasirDinDimashqi.TawdihMushtabih,0842IbnNasirDinDimashqi,hadith_collection,tag:_HADITH,other,standard,"tag OpenITI _HADITH → hadith_collection (data/reference/openiti_tag_genre_map.csv, 09_DECISIONS.md §4 krok 1)"
0845Maqrizi.DawSari.Shamela0010830-ara1,0845Maqrizi.DawSari,0845Maqrizi,hadith_collection,tag:_HADITH,other,standard,"tag OpenITI _HADITH → hadith_collection (data/reference/openiti_tag_genre_map.csv, 09_DECISIONS.md §4 krok 1)"
0845Maqrizi.MukhtasarKamil.Shamela0005848-ara1,0845Maqrizi.MukhtasarKamil,0845Maqrizi,hadith_collection,tag:_HADITH,other,standard,"tag OpenITI _HADITH → hadith_collection (data/reference/openiti_tag_genre_map.csv, 09_DECISIONS.md §4 krok 1)"
0852IbnHajarCasqalani.AmaliAdhkarFiFadlSalatTasbih.Shamela0029563-ara1,0852IbnHajarCasqalani.AmaliAdhkarFiFadlSalatTasbih,0852IbnHajarCasqalani,hadith_collection,tag:_HADITH,hadith_collection,standard,"tag OpenITI _HADITH → hadith_collection (data/reference/openiti_tag_genre_map.csv, 09_DECISIONS.md §4 krok 1)"
0852IbnHajarCasqalani.AmaliHalabiyya.JK007058-ara1,0852IbnHajarCasqalani.AmaliHalabiyya,0852IbnHajarCasqalani,hadith_collection,tag:_HADITH,hadith_collection,standard,"tag OpenITI _HADITH → hadith_collection (data/reference/openiti_tag_genre_map.csv, 09_DECISIONS.md §4 krok 1)"
0852IbnHajarCasqalani.AmaliMutlaqa.JK000685-ara1,0852IbnHajarCasqalani.AmaliMutlaqa,0852IbnHajarCasqalani,hadith_collection,tag:_HADITH,hadith_collection,standard,"tag OpenITI _HADITH → hadith_collection (data/reference/openiti_tag_genre_map.csv, 09_DECISIONS.md §4 krok 1)"
0852IbnHajarCasqalani.CawaliMuslimArbacuna.Shamela0026891-ara1,0852IbnHajarCasqalani.CawaliMuslimArbacuna,0852IbnHajarCasqalani,hadith_collection,tag:_HADITH,hadith_collection,standard,"tag OpenITI _HADITH → hadith_collection (data/reference/openiti_tag_genre_map.csv, 09_DECISIONS.md §4 krok 1)"
0852IbnHajarCasqalani.DirayaFiTakhrijAhadithHidaya.JK000775-ara1,0852IbnHajarCasqalani.DirayaFiTakhrijAhadithHidaya,0852IbnHajarCasqalani,hadith_collection,tag:_HADITH,hadith_collection,standard,"tag OpenITI _HADITH → hadith_collection (data/reference/openiti_tag_genre_map.csv, 09_DECISIONS.md §4 krok 1)"
0852IbnHajarCasqalani.FathBari.JK000166-ara1,0852IbnHajarCasqalani.FathBari,0852IbnHajarCasqalani,hadith_collection,tag:_HADITH,hadith_collection,standard,"tag OpenITI _HADITH → hadith_collection (data/reference/openiti_tag_genre_map.csv, 09_DECISIONS.md §4 krok 1)"
0852IbnHajarCasqalani.GharaibMinMusannadFirdaws.ShamAY0032826-ara1,0852IbnHajarCasqalani.GharaibMinMusannadFirdaws,0852IbnHajarCasqalani,hadith_collection,title,hadith_collection,standard,fallback tytulowy → hadith_collection (09_DECISIONS.md §4 krok 2)
0852IbnHajarCasqalani.ImtacBiArbacin.JK001031-ara1,0852IbnHajarCasqalani.ImtacBiArbacin,0852IbnHajarCasqalani,hadith_collection,tag:_HADITH,hadith_collection,standard,"tag OpenITI _HADITH → hadith_collection (data/reference/openiti_tag_genre_map.csv, 09_DECISIONS.md §4 krok 1)"
0852IbnHajarCasqalani.IthafMahara.Shamela0026324-ara1,0852IbnHajarCasqalani.IthafMahara,0852IbnHajarCasqalani,hadith_collection,tag:_HADITH,hadith_collection,standard,"tag OpenITI _HADITH → hadith_collection (data/reference/openiti_tag_genre_map.csv, 09_DECISIONS.md §4 krok 1)"
0852IbnHajarCasqalani.ItharBiMacrifa.Shamela0005861-ara1,0852IbnHajarCasqalani.ItharBiMacrifa,0852IbnHajarCasqalani,hadith_collection,tag:_HADITH,hadith_collection,standard,"tag OpenITI _HADITH → hadith_collection (data/reference/openiti_tag_genre_map.csv, 09_DECISIONS.md §4 krok 1)"
0852IbnHajarCasqalani.LisanMizan.Shamela0036357-ara1,0852IbnHajarCasqalani.LisanMizan,0852IbnHajarCasqalani,hadith_collection,tag:_HADITH,hadith_collection,standard,"tag OpenITI _HADITH → hadith_collection (data/reference/openiti_tag_genre_map.csv, 09_DECISIONS.md §4 krok 1)"
0852IbnHajarCasqalani.MarhamaGhaythiyya.Shamela0030287-ara1,0852IbnHajarCasqalani.MarhamaGhaythiyya,0852IbnHajarCasqalani,hadith_collection,tag:_HADITH,hadith_collection,standard,"tag OpenITI _HADITH → hadith_collection (data/reference/openiti_tag_genre_map.csv, 09_DECISIONS.md §4 krok 1)"
0852IbnHajarCasqalani.MuntakhabMinAmali.Shamela0011118-ara1,0852IbnHajarCasqalani.MuntakhabMinAmali,0852IbnHajarCasqalani,hadith_collection,tag:_HADITH,hadith_collection,standard,"tag OpenITI _HADITH → hadith_collection (data/reference/openiti_tag_genre_map.csv, 09_DECISIONS.md §4 krok 1)"
0852IbnHajarCasqalani.MuqaddimatFathBari.JK000136-ara1,0852IbnHajarCasqalani.MuqaddimatFathBari,0852IbnHajarCasqalani,hadith_collection,title,hadith_collection,standard,fallback tytulowy → hadith_collection (09_DECISIONS.md §4 krok 2)
0852IbnHajarCasqalani.NazmLaali.Shamela0012865-ara1,0852IbnHajarCasqalani.NazmLaali,0852IbnHajarCasqalani,hadith_collection,tag:_HADITH,hadith_collection,standard,"tag OpenITI _HADITH → hadith_collection (data/reference/openiti_tag_genre_map.csv, 09_DECISIONS.md §4 krok 1)"
0852IbnHajarCasqalani.NukatCalaIbnSalah.JK006975-ara1,0852IbnHajarCasqalani.NukatCalaIbnSalah,0852IbnHajarCasqalani,hadith_collection,tag:_HADITH,hadith_collection,standard,"tag OpenITI _HADITH → hadith_collection (data/reference/openiti_tag_genre_map.csv, 09_DECISIONS.md §4 krok 1)"
0852IbnHajarCasqalani.NukatCalaSahihBukhari.Sham19Y0132963-ara1,0852IbnHajarCasqalani.NukatCalaSahihBukhari,0852IbnHajarCasqalani,hadith_collection,title,hadith_collection,standard,fallback tytulowy → hadith_collection (09_DECISIONS.md §4 krok 2)
0852IbnHajarCasqalani.NukhbatFikar.JK000434-ara1,0852IbnHajarCasqalani.NukhbatFikar,0852IbnHajarCasqalani,hadith_collection,tag:_HADITH,hadith_collection,standard,"tag OpenITI _HADITH → hadith_collection (data/reference/openiti_tag_genre_map.csv, 09_DECISIONS.md §4 krok 1)"
0852IbnHajarCasqalani.NuzhatAlbab.Shamela0005809-ara1,0852IbnHajarCasqalani.NuzhatAlbab,0852IbnHajarCasqalani,hadith_collection,tag:_HADITH,hadith_collection,standard,"tag OpenITI _HADITH → hadith_collection (data/reference/openiti_tag_genre_map.csv, 09_DECISIONS.md §4 krok 1)"
0852IbnHajarCasqalani.NuzhatSamicin.JK001203-ara1,0852IbnHajarCasqalani.NuzhatSamicin,0852IbnHajarCasqalani,hadith_collection,tag:_HADITH,hadith_collection,standard,"tag OpenITI _HADITH → hadith_collection (data/reference/openiti_tag_genre_map.csv, 09_DECISIONS.md §4 krok 1)"
0852IbnHajarCasqalani.QawlMusaddad.JK000755-ara1,0852IbnHajarCasqalani.QawlMusaddad,0852IbnHajarCasqalani,hadith_collection,tag:_HADITH,hadith_collection,standard,"tag OpenITI _HADITH → hadith_collection (data/reference/openiti_tag_genre_map.csv, 09_DECISIONS.md §4 krok 1)"
0852IbnHajarCasqalani.SilsilatDhahab.JK000641-ara1,0852IbnHajarCasqalani.SilsilatDhahab,0852IbnHajarCasqalani,hadith_collection,tag:_HADITH,hadith_collection,standard,"tag OpenITI _HADITH → hadith_collection (data/reference/openiti_tag_genre_map.csv, 09_DECISIONS.md §4 krok 1)"
0852IbnHajarCasqalani.TabsirMuntabih.JK009358-ara1,0852IbnHajarCasqalani.TabsirMuntabih,0852IbnHajarCasqalani,hadith_collection,tag:_HADITH,hadith_collection,standard,"tag OpenITI _HADITH → hadith_collection (data/reference/openiti_tag_genre_map.csv, 09_DECISIONS.md §4 krok 1)"
0852IbnHajarCasqalani.TacjilManfaca.Shamela0001893-ara1,0852IbnHajarCasqalani.TacjilManfaca,0852IbnHajarCasqalani,hadith_collection,tag:_HADITH,hadith_collection,standard,"tag OpenITI _HADITH → hadith_collection (data/reference/openiti_tag_genre_map.csv, 09_DECISIONS.md §4 krok 1)"
0852IbnHajarCasqalani.TaghliqTacliq.Shamela0000347-ara1,0852IbnHajarCasqalani.TaghliqTacliq,0852IbnHajarCasqalani,hadith_collection,tag:_HADITH,hadith_collection,standard,"tag OpenITI _HADITH → hadith_collection (data/reference/openiti_tag_genre_map.csv, 09_DECISIONS.md §4 krok 1)"
0852IbnHajarCasqalani.TahdhibTahdhib.JK000134-ara1,0852IbnHajarCasqalani.TahdhibTahdhib,0852IbnHajarCasqalani,hadith_collection,tag:_HADITH,hadith_collection,standard,"tag OpenITI _HADITH → hadith_collection (data/reference/openiti_tag_genre_map.csv, 09_DECISIONS.md §4 krok 1)"
0852IbnHajarCasqalani.TakhrijAhadithAsmaHusna.Shamela0030718-ara1,0852IbnHajarCasqalani.TakhrijAhadithAsmaHusna,0852IbnHajarCasqalani,hadith_collection,tag:_HADITH,hadith_collection,standard,"tag OpenITI _HADITH → hadith_collection (data/reference/openiti_tag_genre_map.csv, 09_DECISIONS.md §4 krok 1)"
0852IbnHajarCasqalani.TalkhisHabir.JK000559-ara1,0852IbnHajarCasqalani.TalkhisHabir,0852IbnHajarCasqalani,hadith_collection,tag:_HADITH,hadith_collection,standard,"tag OpenITI _HADITH → hadith_collection (data/reference/openiti_tag_genre_map.csv, 09_DECISIONS.md §4 krok 1)"
0852IbnHajarCasqalani.TuruqHadithLaTasubbuAshabi.Shamela0030733-ara1,0852IbnHajarCasqalani.TuruqHadithLaTasubbuAshabi,0852IbnHajarCasqalani,hadith_collection,tag:_HADITH,hadith_collection,standard,"tag OpenITI _HADITH → hadith_collection (data/reference/openiti_tag_genre_map.csv, 09_DECISIONS.md §4 krok 1)"
0852IbnHajarCasqalani.WuqufCalaMawquf.JK000609-ara1,0852IbnHajarCasqalani.WuqufCalaMawquf,0852IbnHajarCasqalani,hadith_collection,tag:_HADITH,hadith_collection,standard,"tag OpenITI _HADITH → hadith_collection (data/reference/openiti_tag_genre_map.csv, 09_DECISIONS.md §4 krok 1)"
0852IbnHajarCasqalani.ZahrNadirFiHalKhadir.JK006670-ara1,0852IbnHajarCasqalani.ZahrNadirFiHalKhadir,0852IbnHajarCasqalani,hadith_collection,tag:_HADITH,hadith_collection,standard,"tag OpenITI _HADITH → hadith_collection (data/reference/openiti_tag_genre_map.csv, 09_DECISIONS.md §4 krok 1)"
0855BadrDinCayni.CumdatQari.Shamela0005756-ara1,0855BadrDinCayni.CumdatQari,0855BadrDinCayni,hadith_collection,tag:_HADITH,hadith_collection,standard,"tag OpenITI _HADITH → hadith_collection (data/reference/openiti_tag_genre_map.csv, 09_DECISIONS.md §4 krok 1)"
0855BadrDinCayni.MaghaniAkhyar.Shamela0010452-ara1,0855BadrDinCayni.MaghaniAkhyar,0855BadrDinCayni,hadith_collection,tag:_HADITH,hadith_collection,standard,"tag OpenITI _HADITH → hadith_collection (data/reference/openiti_tag_genre_map.csv, 09_DECISIONS.md §4 krok 1)"
0855BadrDinCayni.SharhSunanAbiDawud.Shamela0008540-ara1,0855BadrDinCayni.SharhSunanAbiDawud,0855BadrDinCayni,hadith_collection,tag:_HADITH,hadith_collection,standard,"tag OpenITI _HADITH → hadith_collection (data/reference/openiti_tag_genre_map.csv, 09_DECISIONS.md §4 krok 1)"
0879IbnQutlubugha.MusnadCuqba.Shamela0030774-ara1,0879IbnQutlubugha.MusnadCuqba,0879IbnQutlubugha,hadith_collection,tag:_HADITH,biography,standard,"tag OpenITI _HADITH → hadith_collection (data/reference/openiti_tag_genre_map.csv, 09_DECISIONS.md §4 krok 1)"
0885BurhanDinBiqaci.NukatWafiyya.Shamela0023798-ara1,0885BurhanDinBiqaci.NukatWafiyya,0885BurhanDinBiqaci,hadith_collection,tag:_HADITH,other,standard,"tag OpenITI _HADITH → hadith_collection (data/reference/openiti_tag_genre_map.csv, 09_DECISIONS.md §4 krok 1)"
0213IbnHisham.AkhbarIbnSharya.Shamela0037473BK2-ara1,0213IbnHisham.AkhbarIbnSharya,0213IbnHisham,history,title,biography,standard,fallback tytulowy → history (09_DECISIONS.md §4 krok 2)
0310Tabari.MuntakhabMinDhayl.Shamela0009783BK4-ara1,0310Tabari.MuntakhabMinDhayl,0310Tabari,history,tag:_TARIKH,history,standard,"tag OpenITI _TARIKH → history (data/reference/openiti_tag_genre_map.csv, 09_DECISIONS.md §4 krok 1)"
0310Tabari.TahdhibAthar.JK008250Vols-ara1,0310Tabari.TahdhibAthar,0310Tabari,history,title,history,standard,fallback tytulowy → history (09_DECISIONS.md §4 krok 2)
0310Tabari.Tarikh.Shamela0009783BK1-ara1,0310Tabari.Tarikh,0310Tabari,history,tag:_TARIKH,history,standard,"tag OpenITI _TARIKH → history (data/reference/openiti_tag_genre_map.csv, 09_DECISIONS.md §4 krok 1)"
0360Tabarani.AkhbarHasan.Masaha001831-ara1,0360Tabarani.AkhbarHasan,0360Tabarani,history,title,tafsir,standard,fallback tytulowy → history (09_DECISIONS.md §4 krok 2)
0362AbuFarajIsbahani.Aghani.JK000927-ara1,0362AbuFarajIsbahani.Aghani,0362AbuFarajIsbahani,history,tag:_TARIKH,history,standard,"tag OpenITI _TARIKH → history (data/reference/openiti_tag_genre_map.csv, 09_DECISIONS.md §4 krok 1)"
0362AbuFarajIsbahani.Diyarat.Shamela0000725-ara1,0362AbuFarajIsbahani.Diyarat,0362AbuFarajIsbahani,history,tag:_TARIKH,history,standard,"tag OpenITI _TARIKH → history (data/reference/openiti_tag_genre_map.csv, 09_DECISIONS.md §4 krok 1)"
0362AbuFarajIsbahani.ImaShawacir.Shamela0009221-ara1,0362AbuFarajIsbahani.ImaShawacir,0362AbuFarajIsbahani,history,tag:_TARIKH,history,standard,"tag OpenITI _TARIKH → history (data/reference/openiti_tag_genre_map.csv, 09_DECISIONS.md §4 krok 1)"
0370AbuQasimAmidi.MutalifWaMukhtalif.Shamela0010913-ara1,0370AbuQasimAmidi.MutalifWaMukhtalif,0370AbuQasimAmidi,history,tag:_TARIKH,poetry_diwan,standard,"tag OpenITI _TARIKH → history (data/reference/openiti_tag_genre_map.csv, 09_DECISIONS.md §4 krok 1)"
0456IbnHazm.AsmaKhulafa.JK009356-ara1,0456IbnHazm.AsmaKhulafa,0456IbnHazm,history,tag:_TARIKH,hadith_collection,standard,"tag OpenITI _TARIKH → history (data/reference/openiti_tag_genre_map.csv, 09_DECISIONS.md §4 krok 1)"
0456IbnHazm.NaqtCarus.JK009341-ara1,0456IbnHazm.NaqtCarus,0456IbnHazm,history,tag:_TARIKH,hadith_collection,standard,"tag OpenITI _TARIKH → history (data/reference/openiti_tag_genre_map.csv, 09_DECISIONS.md §4 krok 1)"
0456IbnHazm.RisalaFiFutuhIslam.JK009340-ara1,0456IbnHazm.RisalaFiFutuhIslam,0456IbnHazm,history,tag:_TARIKH,hadith_collection,standard,"tag OpenITI _TARIKH → history (data/reference/openiti_tag_genre_map.csv, 09_DECISIONS.md §4 krok 1)"
0463KhatibBaghdadi.Tatfil.Shamela0005428-ara1,0463KhatibBaghdadi.Tatfil,0463KhatibBaghdadi,history,title,hadith_collection,standard,fallback tytulowy → history (09_DECISIONS.md §4 krok 2)
0537NajmDinAbuHafsNasafi.Qand.ShamAY0034644-ara1,0537NajmDinAbuHafsNasafi.Qand,0537NajmDinAbuHafsNasafi,history,title,tafsir,standard,fallback tytulowy → history (09_DECISIONS.md §4 krok 2)
0544QadiCiyad.TartibMadarik.Shamela0031215-ara1,0544QadiCiyad.TartibMadarik,0544QadiCiyad,history,tag:_TARIKH,hadith_collection,standard,"tag OpenITI _TARIKH → history (data/reference/openiti_tag_genre_map.csv, 09_DECISIONS.md §4 krok 1)"
0562Samcani.Tahbir.Shamela0001694-ara1,0562Samcani.Tahbir,0562Samcani,history,tag:_TARIKH,biography,standard,"tag OpenITI _TARIKH → history (data/reference/openiti_tag_genre_map.csv, 09_DECISIONS.md §4 krok 1)"
0571IbnCasakir.TarikhDimashq.JK000916-ara1,0571IbnCasakir.TarikhDimashq,0571IbnCasakir,history,title,history,standard,fallback tytulowy → history (09_DECISIONS.md §4 krok 2)
0584IbnMunqidhShayzari.Ictibar.Shamela0021564-ara1,0584IbnMunqidhShayzari.Ictibar,0584IbnMunqidhShayzari,history,tag:_TARIKH,adab_prose,standard,"tag OpenITI _TARIKH → history (data/reference/openiti_tag_genre_map.csv, 09_DECISIONS.md §4 krok 1)"
0597IbnJawzi.AkhbarHamqaWaMughaffalin.JK000004-ara1,0597IbnJawzi.AkhbarHamqaWaMughaffalin,0597IbnJawzi,history,title,history,standard,fallback tytulowy → history (09_DECISIONS.md §4 krok 2)
0597IbnJawzi.AkhbarNisa.ShamAY0034338-ara1,0597IbnJawzi.AkhbarNisa,0597IbnJawzi,history,title,history,standard,fallback tytulowy → history (09_DECISIONS.md §4 krok 2)
0597IbnJawzi.Muntazam.Shamela0012406-ara1,0597IbnJawzi.Muntazam,0597IbnJawzi,history,title,history,standard,fallback tytulowy → history (09_DECISIONS.md §4 krok 2)
0597IbnJawzi.MuthirGharam.Shamela0010437-ara1,0597IbnJawzi.MuthirGharam,0597IbnJawzi,history,tag:_JUGHRAFIYA,history,standard,"tag OpenITI _JUGHRAFIYA → history (data/reference/openiti_tag_genre_map.csv, 09_DECISIONS.md §4 krok 1)"
0597IbnJawzi.SifatSafwa.Shamela0012031-ara1,0597IbnJawzi.SifatSafwa,0597IbnJawzi,history,tag:_TARIKH,history,standard,"tag OpenITI _TARIKH → history (data/reference/openiti_tag_genre_map.csv, 09_DECISIONS.md §4 krok 1)"
0597IbnJawzi.TalqihFuhum.Shamela0006700-ara1,0597IbnJawzi.TalqihFuhum,0597IbnJawzi,history,tag:_TARIKH,history,standard,"tag OpenITI _TARIKH → history (data/reference/openiti_tag_genre_map.csv, 09_DECISIONS.md §4 krok 1)"
0597IbnJawzi.TarikhBaytMuqaddas.Shamela0010927-ara1,0597IbnJawzi.TarikhBaytMuqaddas,0597IbnJawzi,history,tag:_TARIKH,history,standard,"tag OpenITI _TARIKH → history (data/reference/openiti_tag_genre_map.csv, 09_DECISIONS.md §4 krok 1)"
0626YaqutHamawi.Khazal.Shamela0005379-ara1,0626YaqutHamawi.Khazal,0626YaqutHamawi,history,tag:_JUGHRAFIYA,history,standard,"tag OpenITI _JUGHRAFIYA → history (data/reference/openiti_tag_genre_map.csv, 09_DECISIONS.md §4 krok 1)"
0626YaqutHamawi.MucjamBuldan.Shamela0023735-ara1,0626YaqutHamawi.MucjamBuldan,0626YaqutHamawi,history,tag:_JUGHRAFIYA,history,standard,"tag OpenITI _JUGHRAFIYA → history (data/reference/openiti_tag_genre_map.csv, 09_DECISIONS.md §4 krok 1)"
0626YaqutHamawi.MucjamUdaba.Shamela0009788-ara1,0626YaqutHamawi.MucjamUdaba,0626YaqutHamawi,history,tag:_TARIKH,history,standard,"tag OpenITI _TARIKH → history (data/reference/openiti_tag_genre_map.csv, 09_DECISIONS.md §4 krok 1)"
0630IbnAthirCizzDin.Kamil.JK000911-ara1,0630IbnAthirCizzDin.Kamil,0630IbnAthirCizzDin,history,title,history,standard,fallback tytulowy → history (09_DECISIONS.md §4 krok 2)
0646IbnQifti.IkhbarCulama.Shamela0026336-ara1,0646IbnQifti.IkhbarCulama,0646IbnQifti,history,tag:_TARIKH,biography,standard,"tag OpenITI _TARIKH → history (data/reference/openiti_tag_genre_map.csv, 09_DECISIONS.md §4 krok 1)"
0646IbnQifti.Muhammadun.Shamela0013031-ara1,0646IbnQifti.Muhammadun,0646IbnQifti,history,tag:_TARIKH,biography,standard,"tag OpenITI _TARIKH → history (data/reference/openiti_tag_genre_map.csv, 09_DECISIONS.md §4 krok 1)"
0660IbnCadim.BughyatTalab.Shamela0010798-ara1,0660IbnCadim.BughyatTalab,0660IbnCadim,history,title,history,standard,fallback tytulowy → history (09_DECISIONS.md §4 krok 2)
0660IbnCadim.ZubdatHalab.Shamela0009872-ara1,0660IbnCadim.ZubdatHalab,0660IbnCadim,history,title,history,standard,fallback tytulowy → history (09_DECISIONS.md §4 krok 2)
0711IbnManzurIfriqi.MukhtasarTarikhDimashq.Shamela0003118-ara1,0711IbnManzurIfriqi.MukhtasarTarikhDimashq,0711IbnManzurIfriqi,history,title,history,standard,fallback tytulowy → history (09_DECISIONS.md §4 krok 2)
0711IbnManzurIfriqi.MulhaqAghani.JK001138-ara1,0711IbnManzurIfriqi.MulhaqAghani,0711IbnManzurIfriqi,history,tag:_TARIKH,history,standard,"tag OpenITI _TARIKH → history (data/reference/openiti_tag_genre_map.csv, 09_DECISIONS.md §4 krok 1)"
0728IbnTaymiyya.RasHusayn.Shia003713-ara1,0728IbnTaymiyya.RasHusayn,0728IbnTaymiyya,history,tag:_TARIKH,other,standard,"tag OpenITI _TARIKH → history (data/reference/openiti_tag_genre_map.csv, 09_DECISIONS.md §4 krok 1)"
0743SharafDinTibi.FutuhGhayb.Sham19Y0020891-ara1,0743SharafDinTibi.FutuhGhayb,0743SharafDinTibi,history,title,history,standard,fallback tytulowy → history (09_DECISIONS.md §4 krok 2)
0748Dhahabi.TarjamatBirzali.JK001265BK2-ara1,0748Dhahabi.TarjamatBirzali,0748Dhahabi,history,title,hadith_collection,standard,fallback tytulowy → history (09_DECISIONS.md §4 krok 2)
0748Dhahabi.TarjamatIbnTaymiyya.ShamAY0034384-ara1,0748Dhahabi.TarjamatIbnTaymiyya,0748Dhahabi,history,title,hadith_collection,standard,fallback tytulowy → history (09_DECISIONS.md §4 krok 2)
0748Dhahabi.TarjamatMizzi.JK001265BK3-ara1,0748Dhahabi.TarjamatMizzi,0748Dhahabi,history,title,hadith_collection,standard,fallback tytulowy → history (09_DECISIONS.md §4 krok 2)
0751IbnQayyimJawziyya.RisalaIlaAhadIkhwan.JK001063-ara1,0751IbnQayyimJawziyya.RisalaIlaAhadIkhwan,0751IbnQayyimJawziyya,history,tag:_TARIKH,other,standard,"tag OpenITI _TARIKH → history (data/reference/openiti_tag_genre_map.csv, 09_DECISIONS.md §4 krok 1)"
0771TajDinSubki.TabaqatShaficiyyaKubra.Shamela0006739-ara1,0771TajDinSubki.TabaqatShaficiyyaKubra,0771TajDinSubki,history,tag:_TARIKH,history,standard,"tag OpenITI _TARIKH → history (data/reference/openiti_tag_genre_map.csv, 09_DECISIONS.md §4 krok 1)"
0774IbnKathir.Bidaya.Shamela0004445-ara1,0774IbnKathir.Bidaya,0774IbnKathir,history,tag:_TARIKH,history,standard,"tag OpenITI _TARIKH → history (data/reference/openiti_tag_genre_map.csv, 09_DECISIONS.md §4 krok 1)"
0804IbnMulaqqin.TabaqatAwliya.Shamela0001347-ara1,0804IbnMulaqqin.TabaqatAwliya,0804IbnMulaqqin,history,tag:_TARIKH,hadith_collection,standard,"tag OpenITI _TARIKH → history (data/reference/openiti_tag_genre_map.csv, 09_DECISIONS.md §4 krok 1)"
0808IbnKhaldun.Rihla.Shamela0037022-ara1,0808IbnKhaldun.Rihla,0808IbnKhaldun,history,tag:_JUGHRAFIYA,history,standard,"tag OpenITI _JUGHRAFIYA → history (data/reference/openiti_tag_genre_map.csv, 09_DECISIONS.md §4 krok 1)"
0808IbnKhaldun.Tarikh.Shamela0012320-ara1,0808IbnKhaldun.Tarikh,0808IbnKhaldun,history,tag:_TARIKH,history,standard,"tag OpenITI _TARIKH → history (data/reference/openiti_tag_genre_map.csv, 09_DECISIONS.md §4 krok 1)"
0842IbnNasirDinDimashqi.RaddWafir.JK000366-ara1,0842IbnNasirDinDimashqi.RaddWafir,0842IbnNasirDinDimashqi,history,tag:_TARIKH,other,standard,"tag OpenITI _TARIKH → history (data/reference/openiti_tag_genre_map.csv, 09_DECISIONS.md §4 krok 1)"
0842IbnNasirDinDimashqi.TuhfatIkhbari.ShamAY0034576-ara1,0842IbnNasirDinDimashqi.TuhfatIkhbari,0842IbnNasirDinDimashqi,history,title,other,standard,fallback tytulowy → history (09_DECISIONS.md §4 krok 2)
0845Maqrizi.Bayan.JK010319-ara1,0845Maqrizi.Bayan,0845Maqrizi,history,tag:_TARIKH,other,standard,"tag OpenITI _TARIKH → history (data/reference/openiti_tag_genre_map.csv, 09_DECISIONS.md §4 krok 1)"
0845Maqrizi.Ilmam.MMS00012-ara1,0845Maqrizi.Ilmam,0845Maqrizi,history,title,other,standard,fallback tytulowy → history (09_DECISIONS.md §4 krok 2)
0845Maqrizi.ItticazHunafa.Shamela0000176-ara1,0845Maqrizi.ItticazHunafa,0845Maqrizi,history,tag:_TARIKH,other,standard,"tag OpenITI _TARIKH → history (data/reference/openiti_tag_genre_map.csv, 09_DECISIONS.md §4 krok 1)"
0845Maqrizi.Suluk.Shamela0006667-ara1,0845Maqrizi.Suluk,0845Maqrizi,history,tag:_TARIKH,other,standard,"tag OpenITI _TARIKH → history (data/reference/openiti_tag_genre_map.csv, 09_DECISIONS.md §4 krok 1)"
0852IbnHajarCasqalani.InbaGhumr.JK009239-ara1,0852IbnHajarCasqalani.InbaGhumr,0852IbnHajarCasqalani,history,tag:_TARIKH,hadith_collection,standard,"tag OpenITI _TARIKH → history (data/reference/openiti_tag_genre_map.csv, 09_DECISIONS.md §4 krok 1)"
0852IbnHajarCasqalani.RafcIsr.Shamela0012724-ara1,0852IbnHajarCasqalani.RafcIsr,0852IbnHajarCasqalani,history,tag:_TARIKH,hadith_collection,standard,"tag OpenITI _TARIKH → history (data/reference/openiti_tag_genre_map.csv, 09_DECISIONS.md §4 krok 1)"
0855BadrDinCayni.NukhabAfkar.Sham19Y0013667-ara1,0855BadrDinCayni.NukhabAfkar,0855BadrDinCayni,history,title,hadith_collection,standard,fallback tytulowy → history (09_DECISIONS.md §4 krok 2)
0874IbnTaghribirdi.HawadithDuhur.JK010774-ara1,0874IbnTaghribirdi.HawadithDuhur,0874IbnTaghribirdi,history,tag:_TARIKH,other,standard,"tag OpenITI _TARIKH → history (data/reference/openiti_tag_genre_map.csv, 09_DECISIONS.md §4 krok 1)"
0874IbnTaghribirdi.MawridLatafa.Shamela0006669-ara1,0874IbnTaghribirdi.MawridLatafa,0874IbnTaghribirdi,history,tag:_TARIKH,other,standard,"tag OpenITI _TARIKH → history (data/reference/openiti_tag_genre_map.csv, 09_DECISIONS.md §4 krok 1)"
0879IbnQutlubugha.TajTarajim.Shamela0010925-ara1,0879IbnQutlubugha.TajTarajim,0879IbnQutlubugha,history,tag:_TARIKH,biography,standard,"tag OpenITI _TARIKH → history (data/reference/openiti_tag_genre_map.csv, 09_DECISIONS.md §4 krok 1)"
0398BadicZamanHamadhani.Maqamat.JK009269-ara1,0398BadicZamanHamadhani.Maqamat,0398BadicZamanHamadhani,maqamat_saj,title,maqamat_saj,single_work_exception,fallback tytulowy → maqamat_saj (09_DECISIONS.md §4 krok 2)
0516IbnCaliHariri.Maqamat.JK009202-ara1,0516IbnCaliHariri.Maqamat,0516IbnCaliHariri,maqamat_saj,title,maqamat_saj,standard,fallback tytulowy → maqamat_saj (09_DECISIONS.md §4 krok 2)
0619AbuCabbasSharishi.SharhMaqamatHariri.Sham19Y0000760-ara1,0619AbuCabbasSharishi.SharhMaqamatHariri,0619AbuCabbasSharishi,maqamat_saj,title,maqamat_saj,single_work_exception,fallback tytulowy → maqamat_saj (09_DECISIONS.md §4 krok 2)
0701IbnNasrAllahJazari.Maqamat.JK010644-ara1,0701IbnNasrAllahJazari.Maqamat,0701IbnNasrAllahJazari,maqamat_saj,title,maqamat_saj,single_work_exception,fallback tytulowy → maqamat_saj (09_DECISIONS.md §4 krok 2)
0157AbuMikhnafAzdi.WaqcatTaff.Masaha003027-ara1,0157AbuMikhnafAzdi.WaqcatTaff,0157AbuMikhnafAzdi,other,other,biography,standard,residual other (09_DECISIONS.md §4 krok 3; brak zmapowanego tagu i wzorca tytulu)
0213IbnHisham.Tijan.Shamela0037473BK1-ara1,0213IbnHisham.Tijan,0213IbnHisham,other,other,biography,standard,residual other (09_DECISIONS.md §4 krok 3; brak zmapowanego tagu i wzorca tytulu)
0285IbnYazidMubarrad.Fadil.Shamela0010508-ara1,0285IbnYazidMubarrad.Fadil,0285IbnYazidMubarrad,other,other,adab_prose,standard,residual other (09_DECISIONS.md §4 krok 3; brak zmapowanego tagu i wzorca tytulu)
0285IbnYazidMubarrad.NasabCadnan.Shamela0028170-ara1,0285IbnYazidMubarrad.NasabCadnan,0285IbnYazidMubarrad,other,other,adab_prose,standard,residual other (09_DECISIONS.md §4 krok 3; brak zmapowanego tagu i wzorca tytulu)
0285IbnYazidMubarrad.SharhLamiyya.ShamAY0037226-ara1,0285IbnYazidMubarrad.SharhLamiyya,0285IbnYazidMubarrad,other,other,adab_prose,standard,residual other (09_DECISIONS.md §4 krok 3; brak zmapowanego tagu i wzorca tytulu)
0285IbnYazidMubarrad.Tacazi.Shamela0021554-ara1,0285IbnYazidMubarrad.Tacazi,0285IbnYazidMubarrad,other,other,adab_prose,standard,residual other (09_DECISIONS.md §4 krok 3; brak zmapowanego tagu i wzorca tytulu)
0324Ashcari.LamcFiRadd.Rafed0003452-ara1,0324Ashcari.LamcFiRadd,0324Ashcari,other,other,theology,standard,residual other (09_DECISIONS.md §4 krok 3; brak zmapowanego tagu i wzorca tytulu)
0356AbuCaliQali.BaricFiLugha.Sham19Y0014320-ara1,0356AbuCaliQali.BaricFiLugha,0356AbuCaliQali,other,other,adab_prose,standard,residual other (09_DECISIONS.md §4 krok 3; brak zmapowanego tagu i wzorca tytulu)
0356AbuCaliQali.Ittibac.Shamela0006934-ara1,0356AbuCaliQali.Ittibac,0356AbuCaliQali,other,other,adab_prose,standard,residual other (09_DECISIONS.md §4 krok 3; brak zmapowanego tagu i wzorca tytulu)
0356AbuCaliQali.MaqsurWaMamdud.Sham19Y0020949-ara1,0356AbuCaliQali.MaqsurWaMamdud,0356AbuCaliQali,other,other,adab_prose,standard,residual other (09_DECISIONS.md §4 krok 3; brak zmapowanego tagu i wzorca tytulu)
0360Tabarani.MakarimAkhlaq.JK011642-ara1,0360Tabarani.MakarimAkhlaq,0360Tabarani,other,other,tafsir,standard,residual other (09_DECISIONS.md §4 krok 3; brak zmapowanego tagu i wzorca tytulu)
0370IbnCaliJassas.MukhtasarIkhtilafCulama.Shamela0006222-ara1,0370IbnCaliJassas.MukhtasarIkhtilafCulama,0370IbnCaliJassas,other,other,other,standard,residual other (09_DECISIONS.md §4 krok 3; brak zmapowanego tagu i wzorca tytulu)
0370IbnCaliJassas.SharhMukhtasarTahawi.Sham19Y0016546-ara1,0370IbnCaliJassas.SharhMukhtasarTahawi,0370IbnCaliJassas,other,other,other,standard,residual other (09_DECISIONS.md §4 krok 3; brak zmapowanego tagu i wzorca tytulu)
0375IkhwanSafa.JamicatJamica.GVDB20200108-ara1,0375IkhwanSafa.JamicatJamica,0375IkhwanSafa,other,other,adab_prose,standard,residual other (09_DECISIONS.md §4 krok 3; brak zmapowanego tagu i wzorca tytulu)
0375IkhwanSafa.QawlCalaSirrMakhzun.GVDB20210802-ara1,0375IkhwanSafa.QawlCalaSirrMakhzun,0375IkhwanSafa,other,other,adab_prose,standard,residual other (09_DECISIONS.md §4 krok 3; brak zmapowanego tagu i wzorca tytulu)
0375IkhwanSafa.RisalatJamica.Kraken220610012301-ara1,0375IkhwanSafa.RisalatJamica,0375IkhwanSafa,other,other,adab_prose,standard,residual other (09_DECISIONS.md §4 krok 3; brak zmapowanego tagu i wzorca tytulu)
0380Khalidiyyan.TuhafWaHadaya.Shamela0005429-ara1,0380Khalidiyyan.TuhafWaHadaya,0380Khalidiyyan,other,other,poetry_diwan,standard,residual other (09_DECISIONS.md §4 krok 3; brak zmapowanego tagu i wzorca tytulu)
0381IbnBabawayhSaduq.CilalSharaic.Shia001140Vols-ara1,0381IbnBabawayhSaduq.CilalSharaic,0381IbnBabawayhSaduq,other,other,other,standard,residual other (09_DECISIONS.md §4 krok 3; brak zmapowanego tagu i wzorca tytulu)
0381IbnBabawayhSaduq.CiqabAcmal.Shia001138BK2-ara1,0381IbnBabawayhSaduq.CiqabAcmal,0381IbnBabawayhSaduq,other,other,other,standard,residual other (09_DECISIONS.md §4 krok 3; brak zmapowanego tagu i wzorca tytulu)
0381IbnBabawayhSaduq.KamalDin.Shia001146-ara1,0381IbnBabawayhSaduq.KamalDin,0381IbnBabawayhSaduq,other,other,other,standard,residual other (09_DECISIONS.md §4 krok 3; brak zmapowanego tagu i wzorca tytulu)
0381IbnBabawayhSaduq.Khisal.Shia001137-ara1,0381IbnBabawayhSaduq.Khisal,0381IbnBabawayhSaduq,other,other,other,standard,residual other (09_DECISIONS.md §4 krok 3; brak zmapowanego tagu i wzorca tytulu)
0381IbnBabawayhSaduq.ManLaYahduruhuFaqih.Shia001149Vols-ara1,0381IbnBabawayhSaduq.ManLaYahduruhuFaqih,0381IbnBabawayhSaduq,other,other,other,standard,residual other (09_DECISIONS.md §4 krok 3; brak zmapowanego tagu i wzorca tytulu)
0381IbnBabawayhSaduq.ThawabAcmal.Shia001138BK1-ara1,0381IbnBabawayhSaduq.ThawabAcmal,0381IbnBabawayhSaduq,other,other,other,standard,residual other (09_DECISIONS.md §4 krok 3; brak zmapowanego tagu i wzorca tytulu)
0413AbuIshaqHusri.JamcJawahir.JK010621-ara1,0413AbuIshaqHusri.JamcJawahir,0413AbuIshaqHusri,other,other,adab_prose,standard,residual other (09_DECISIONS.md §4 krok 3; brak zmapowanego tagu i wzorca tytulu)
0413AbuIshaqHusri.NurTaraf.Shamela0005351-ara1,0413AbuIshaqHusri.NurTaraf,0413AbuIshaqHusri,other,other,adab_prose,standard,residual other (09_DECISIONS.md §4 krok 3; brak zmapowanego tagu i wzorca tytulu)
0427AbuIshaqThaclabi.QatlaQuran.ShamAY0033631-ara1,0427AbuIshaqThaclabi.QatlaQuran,0427AbuIshaqThaclabi,other,other,tafsir,standard,residual other (09_DECISIONS.md §4 krok 3; brak zmapowanego tagu i wzorca tytulu)
0428IbnSina.IsharatWaTanbihat.Shamela0006534BK1-ara1,0428IbnSina.IsharatWaTanbihat,0428IbnSina,other,other,other,standard,residual other (09_DECISIONS.md §4 krok 3; brak zmapowanego tagu i wzorca tytulu)
0428IbnSina.MaHiyaCishq.Hindawi053714184-ara1,0428IbnSina.MaHiyaCishq,0428IbnSina,other,other,other,standard,residual other (09_DECISIONS.md §4 krok 3; brak zmapowanego tagu i wzorca tytulu)
0428IbnSina.MacrifatNafsNatiq.Hindawi018403864-ara1,0428IbnSina.MacrifatNafsNatiq,0428IbnSina,other,other,other,standard,residual other (09_DECISIONS.md §4 krok 3; brak zmapowanego tagu i wzorca tytulu)
0428IbnSina.Najat.MP002-ara1,0428IbnSina.Najat,0428IbnSina,other,other,other,standard,residual other (09_DECISIONS.md §4 krok 3; brak zmapowanego tagu i wzorca tytulu)
0428IbnSina.QanunFiTibb.Shamela0010706-ara1,0428IbnSina.QanunFiTibb,0428IbnSina,other,other,other,standard,residual other (09_DECISIONS.md §4 krok 3; brak zmapowanego tagu i wzorca tytulu)
0428IbnSina.ShifaAfcalWaInficalat.ALCorpus00001-ara2,0428IbnSina.ShifaAfcalWaInficalat,0428IbnSina,other,other,other,standard,residual other (09_DECISIONS.md §4 krok 3; brak zmapowanego tagu i wzorca tytulu)
0428IbnSina.ShifaIlahiyyat.ALCorpus00013-ara1,0428IbnSina.ShifaIlahiyyat,0428IbnSina,other,other,other,standard,residual other (09_DECISIONS.md §4 krok 3; brak zmapowanego tagu i wzorca tytulu)
0428IbnSina.ShifaKawnWaFasad.ALCorpus00007-ara1,0428IbnSina.ShifaKawnWaFasad,0428IbnSina,other,other,other,standard,residual other (09_DECISIONS.md §4 krok 3; brak zmapowanego tagu i wzorca tytulu)
0428IbnSina.ShifaMadkhal.ALCorpus00012-ara2,0428IbnSina.ShifaMadkhal,0428IbnSina,other,other,other,standard,residual other (09_DECISIONS.md §4 krok 3; brak zmapowanego tagu i wzorca tytulu)
0428IbnSina.ShifaMantiq.JK010704-ara1,0428IbnSina.ShifaMantiq,0428IbnSina,other,other,other,standard,residual other (09_DECISIONS.md §4 krok 3; brak zmapowanego tagu i wzorca tytulu)
0428IbnSina.ShifaNafs.ALCorpus00004-ara1,0428IbnSina.ShifaNafs,0428IbnSina,other,other,other,standard,residual other (09_DECISIONS.md §4 krok 3; brak zmapowanego tagu i wzorca tytulu)
0428IbnSina.ShifaTabiciyyat.PV20230224-ara1,0428IbnSina.ShifaTabiciyyat,0428IbnSina,other,other,other,standard,residual other (09_DECISIONS.md §4 krok 3; brak zmapowanego tagu i wzorca tytulu)
0428IbnSina.Tacliqat.Rafed0001723-ara1,0428IbnSina.Tacliqat,0428IbnSina,other,other,other,standard,residual other (09_DECISIONS.md §4 krok 3; brak zmapowanego tagu i wzorca tytulu)
0428IbnSina.UrjuzaFiTibb.ALCorpus00025-ara1,0428IbnSina.UrjuzaFiTibb,0428IbnSina,other,other,other,standard,residual other (09_DECISIONS.md §4 krok 3; brak zmapowanego tagu i wzorca tytulu)
0437MakkiIbnHammushQaysi.Ibana.Shamela0008676-ara1,0437MakkiIbnHammushQaysi.Ibana,0437MakkiIbnHammushQaysi,other,other,tafsir,standard,residual other (09_DECISIONS.md §4 krok 3; brak zmapowanego tagu i wzorca tytulu)
0456IbnHazm.FadlAndalus.JK009343-ara1,0456IbnHazm.FadlAndalus,0456IbnHazm,other,other,hadith_collection,standard,residual other (09_DECISIONS.md §4 krok 3; brak zmapowanego tagu i wzorca tytulu)
0456IbnHazm.RisalaBahira.ShamAY0037500-ara1,0456IbnHazm.RisalaBahira,0456IbnHazm,other,other,hadith_collection,standard,residual other (09_DECISIONS.md §4 krok 3; brak zmapowanego tagu i wzorca tytulu)
0456IbnHazm.RisalaFiMaratibCulum.JK009344-ara1,0456IbnHazm.RisalaFiMaratibCulum,0456IbnHazm,other,other,hadith_collection,standard,residual other (09_DECISIONS.md §4 krok 3; brak zmapowanego tagu i wzorca tytulu)
0456IbnHazm.TawqHamama.Shamela0010518-ara1,0456IbnHazm.TawqHamama,0456IbnHazm,other,other,hadith_collection,standard,residual other (09_DECISIONS.md §4 krok 3; brak zmapowanego tagu i wzorca tytulu)
0458Bayhaqi.AsmaWaSifat.Shamela0009270-ara1,0458Bayhaqi.AsmaWaSifat,0458Bayhaqi,other,other,other,standard,residual other (09_DECISIONS.md §4 krok 3; brak zmapowanego tagu i wzorca tytulu)
0458Bayhaqi.BacthWaNushur.Shamela0009292-ara1,0458Bayhaqi.BacthWaNushur,0458Bayhaqi,other,other,other,standard,residual other (09_DECISIONS.md §4 krok 3; brak zmapowanego tagu i wzorca tytulu)
0458Bayhaqi.Ictiqad.JK000698-ara1,0458Bayhaqi.Ictiqad,0458Bayhaqi,other,other,other,standard,residual other (09_DECISIONS.md §4 krok 3; brak zmapowanego tagu i wzorca tytulu)
0458Bayhaqi.ManaqibShafici.Sham19Y0022797-ara1,0458Bayhaqi.ManaqibShafici,0458Bayhaqi,other,other,other,standard,residual other (09_DECISIONS.md §4 krok 3; brak zmapowanego tagu i wzorca tytulu)
0458Bayhaqi.ShucabIman.JK000021-ara1,0458Bayhaqi.ShucabIman,0458Bayhaqi,other,other,other,standard,residual other (09_DECISIONS.md §4 krok 3; brak zmapowanego tagu i wzorca tytulu)
0458IbnSidaMursi.CadadFiLugha.JK000909-ara1,0458IbnSidaMursi.CadadFiLugha,0458IbnSidaMursi,other,other,fiqh,standard,residual other (09_DECISIONS.md §4 krok 3; brak zmapowanego tagu i wzorca tytulu)
0458IbnSidaMursi.IcrabQuran.ShamAY0036821-ara1,0458IbnSidaMursi.IcrabQuran,0458IbnSidaMursi,other,other,fiqh,standard,residual other (09_DECISIONS.md §4 krok 3; brak zmapowanego tagu i wzorca tytulu)
0460ShaykhTusi.Fihrist.Shia002934-ara1,0460ShaykhTusi.Fihrist,0460ShaykhTusi,other,other,fiqh,standard,residual other (09_DECISIONS.md §4 krok 3; brak zmapowanego tagu i wzorca tytulu)
0460ShaykhTusi.IkhtiyarMacrifatRijal.Shia002932VolsBK1-ara1,0460ShaykhTusi.IkhtiyarMacrifatRijal,0460ShaykhTusi,other,other,fiqh,standard,residual other (09_DECISIONS.md §4 krok 3; brak zmapowanego tagu i wzorca tytulu)
0460ShaykhTusi.Iqtisad.Shia000025-ara1,0460ShaykhTusi.Iqtisad,0460ShaykhTusi,other,other,fiqh,standard,residual other (09_DECISIONS.md §4 krok 3; brak zmapowanego tagu i wzorca tytulu)
0460ShaykhTusi.Tibyan.Tafsir04039-ara1,0460ShaykhTusi.Tibyan,0460ShaykhTusi,other,other,fiqh,standard,residual other (09_DECISIONS.md §4 krok 3; brak zmapowanego tagu i wzorca tytulu)
0463IbnCabdBarr.BahjatMajalis.Shamela0000558-ara1,0463IbnCabdBarr.BahjatMajalis,0463IbnCabdBarr,other,other,hadith_collection,standard,residual other (09_DECISIONS.md §4 krok 3; brak zmapowanego tagu i wzorca tytulu)
0463IbnCabdBarr.IkhtilafMalikWaAshabihi.Sham19Y0018116-ara1,0463IbnCabdBarr.IkhtilafMalikWaAshabihi,0463IbnCabdBarr,other,other,hadith_collection,standard,residual other (09_DECISIONS.md §4 krok 3; brak zmapowanego tagu i wzorca tytulu)
0463IbnCabdBarr.MasailMustaghriba.Sham19Y0127657-ara1,0463IbnCabdBarr.MasailMustaghriba,0463IbnCabdBarr,other,other,hadith_collection,standard,residual other (09_DECISIONS.md §4 krok 3; brak zmapowanego tagu i wzorca tytulu)
0465IbnHawazinQushayri.NahwQulub.Shamela0037067-ara1,0465IbnHawazinQushayri.NahwQulub,0465IbnHawazinQushayri,other,other,tafsir,standard,residual other (09_DECISIONS.md §4 krok 3; brak zmapowanego tagu i wzorca tytulu)
0500Anonymous.AwtanWaBuldan.Shamela0010428BK36-ara1,0500Anonymous.AwtanWaBuldan,0500Anonymous,other,other,adab_prose,standard,residual other (09_DECISIONS.md §4 krok 3; brak zmapowanego tagu i wzorca tytulu)
0500Anonymous.KitabMajall.LMN20210125-ara1,0500Anonymous.KitabMajall,0500Anonymous,other,other,adab_prose,standard,residual other (09_DECISIONS.md §4 krok 3; brak zmapowanego tagu i wzorca tytulu)
0505Ghazali.Iqtisad.JK009219-ara1,0505Ghazali.Iqtisad,0505Ghazali,other,other,adab_prose,standard,residual other (09_DECISIONS.md §4 krok 3; brak zmapowanego tagu i wzorca tytulu)
0505Ghazali.KimiyaSacada.Shamela0009261-ara1,0505Ghazali.KimiyaSacada,0505Ghazali,other,other,adab_prose,standard,residual other (09_DECISIONS.md §4 krok 3; brak zmapowanego tagu i wzorca tytulu)
0505Ghazali.MahkNazar.Shamela0026538-ara1,0505Ghazali.MahkNazar,0505Ghazali,other,other,adab_prose,standard,residual other (09_DECISIONS.md §4 krok 3; brak zmapowanego tagu i wzorca tytulu)
0505Ghazali.MaqasidFalasifa.ALCorpus00027-ara1,0505Ghazali.MaqasidFalasifa,0505Ghazali,other,other,adab_prose,standard,residual other (09_DECISIONS.md §4 krok 3; brak zmapowanego tagu i wzorca tytulu)
0505Ghazali.MicyarCilm.JK010716-ara1,0505Ghazali.MicyarCilm,0505Ghazali,other,other,adab_prose,standard,residual other (09_DECISIONS.md §4 krok 3; brak zmapowanego tagu i wzorca tytulu)
0505Ghazali.RaddJamil.ShamAY0033896-ara1,0505Ghazali.RaddJamil,0505Ghazali,other,other,adab_prose,standard,residual other (09_DECISIONS.md §4 krok 3; brak zmapowanego tagu i wzorca tytulu)
0505Ghazali.ShifaGhalil.Sham19Y0017827-ara1,0505Ghazali.ShifaGhalil,0505Ghazali,other,other,adab_prose,standard,residual other (09_DECISIONS.md §4 krok 3; brak zmapowanego tagu i wzorca tytulu)
0505Ghazali.Tahafut.Shamela0011055-ara1,0505Ghazali.Tahafut,0505Ghazali,other,other,adab_prose,standard,residual other (09_DECISIONS.md §4 krok 3; brak zmapowanego tagu i wzorca tytulu)
0516IbnCaliHariri.DurratGhawwas.JK001016-ara1,0516IbnCaliHariri.DurratGhawwas,0516IbnCaliHariri,other,other,maqamat_saj,standard,residual other (09_DECISIONS.md §4 krok 3; brak zmapowanego tagu i wzorca tytulu)
0520IbnRushdJadd.Masail.Sham19Y0014310-ara1,0520IbnRushdJadd.Masail,0520IbnRushdJadd,other,other,fiqh,standard,residual other (09_DECISIONS.md §4 krok 3; brak zmapowanego tagu i wzorca tytulu)
0521IbnMuhammadBatalyawsi.HurufKhamsa.ShamAY0037193-ara1,0521IbnMuhammadBatalyawsi.HurufKhamsa,0521IbnMuhammadBatalyawsi,other,other,adab_prose,standard,residual other (09_DECISIONS.md §4 krok 3; brak zmapowanego tagu i wzorca tytulu)
0540AbuMansurJawaliqi.TakmilaCalaDurratGhawass.Sham19Y0029604-ara1,0540AbuMansurJawaliqi.TakmilaCalaDurratGhawass,0540AbuMansurJawaliqi,other,other,adab_prose,standard,residual other (09_DECISIONS.md §4 krok 3; brak zmapowanego tagu i wzorca tytulu)
0548IbnHasanTabarsi.MakarimAkhlaq.Shia001340-ara1,0548IbnHasanTabarsi.MakarimAkhlaq,0548IbnHasanTabarsi,other,other,tafsir,standard,residual other (09_DECISIONS.md §4 krok 3; brak zmapowanego tagu i wzorca tytulu)
0548IbnHasanTabarsi.NathrLaali.Masaha004584-ara1,0548IbnHasanTabarsi.NathrLaali,0548IbnHasanTabarsi,other,other,tafsir,standard,residual other (09_DECISIONS.md §4 krok 3; brak zmapowanego tagu i wzorca tytulu)
0548IbnHasanTabarsi.TajMawalid.Shia001339-ara1,0548IbnHasanTabarsi.TajMawalid,0548IbnHasanTabarsi,other,other,tafsir,standard,residual other (09_DECISIONS.md §4 krok 3; brak zmapowanego tagu i wzorca tytulu)
0571IbnCasakir.ArbacunaBuldaniyya.JK010919-ara1,0571IbnCasakir.ArbacunaBuldaniyya,0571IbnCasakir,other,other,history,standard,residual other (09_DECISIONS.md §4 krok 3; brak zmapowanego tagu i wzorca tytulu)
0571IbnCasakir.FadailSacd.ShamAY0035228-ara1,0571IbnCasakir.FadailSacd,0571IbnCasakir,other,other,history,standard,residual other (09_DECISIONS.md §4 krok 3; brak zmapowanego tagu i wzorca tytulu)
0571IbnCasakir.FadlShacban.ShamAY0032907-ara1,0571IbnCasakir.FadlShacban,0571IbnCasakir,other,other,history,standard,residual other (09_DECISIONS.md §4 krok 3; brak zmapowanego tagu i wzorca tytulu)
0571IbnCasakir.Tajrid.ShamAY0032878-ara1,0571IbnCasakir.Tajrid,0571IbnCasakir,other,other,history,standard,residual other (09_DECISIONS.md §4 krok 3; brak zmapowanego tagu i wzorca tytulu)
0581AbuQasimSuhayli.NataijFikrFiNahw.Shamela0000613-ara1,0581AbuQasimSuhayli.NataijFikrFiNahw,0581AbuQasimSuhayli,other,other,biography,standard,residual other (09_DECISIONS.md §4 krok 3; brak zmapowanego tagu i wzorca tytulu)
0584IbnMunqidhShayzari.ManazilWaDiyar.Shamela0005416-ara1,0584IbnMunqidhShayzari.ManazilWaDiyar,0584IbnMunqidhShayzari,other,other,adab_prose,standard,residual other (09_DECISIONS.md §4 krok 3; brak zmapowanego tagu i wzorca tytulu)
0597IbnJawzi.Adhkiya.JK000910-ara1,0597IbnJawzi.Adhkiya,0597IbnJawzi,other,other,history,standard,residual other (09_DECISIONS.md §4 krok 3; brak zmapowanego tagu i wzorca tytulu)
0597IbnJawzi.BahrDumuc.Shamela0002506-ara1,0597IbnJawzi.BahrDumuc,0597IbnJawzi,other,other,history,standard,residual other (09_DECISIONS.md §4 krok 3; brak zmapowanego tagu i wzorca tytulu)
0597IbnJawzi.BirrWaSila.Shamela0009379-ara1,0597IbnJawzi.BirrWaSila,0597IbnJawzi,other,other,history,standard,residual other (09_DECISIONS.md §4 krok 3; brak zmapowanego tagu i wzorca tytulu)
0597IbnJawzi.BustanWacizin.JK000999-ara1,0597IbnJawzi.BustanWacizin,0597IbnJawzi,other,other,history,standard,residual other (09_DECISIONS.md §4 krok 3; brak zmapowanego tagu i wzorca tytulu)
0597IbnJawzi.DarLawm.ShamAY0034332-ara1,0597IbnJawzi.DarLawm,0597IbnJawzi,other,other,history,standard,residual other (09_DECISIONS.md §4 krok 3; brak zmapowanego tagu i wzorca tytulu)
0597IbnJawzi.FadailQuds.Shamela0001599-ara1,0597IbnJawzi.FadailQuds,0597IbnJawzi,other,other,history,standard,residual other (09_DECISIONS.md §4 krok 3; brak zmapowanego tagu i wzorca tytulu)
0597IbnJawzi.FununAfnan.Shamela0001402-ara1,0597IbnJawzi.FununAfnan,0597IbnJawzi,other,other,history,standard,residual other (09_DECISIONS.md §4 krok 3; brak zmapowanego tagu i wzorca tytulu)
0597IbnJawzi.Hathth.Shamela0022340-ara1,0597IbnJawzi.Hathth,0597IbnJawzi,other,other,history,standard,residual other (09_DECISIONS.md §4 krok 3; brak zmapowanego tagu i wzorca tytulu)
0597IbnJawzi.HifzCumr.Shamela0026677-ara1,0597IbnJawzi.HifzCumr,0597IbnJawzi,other,other,history,standard,residual other (09_DECISIONS.md §4 krok 3; brak zmapowanego tagu i wzorca tytulu)
0597IbnJawzi.JamicMasanid.Sham19Y0148271-ara1,0597IbnJawzi.JamicMasanid,0597IbnJawzi,other,other,history,standard,residual other (09_DECISIONS.md §4 krok 3; brak zmapowanego tagu i wzorca tytulu)
0597IbnJawzi.Laali.JK010659-ara1,0597IbnJawzi.Laali,0597IbnJawzi,other,other,history,standard,residual other (09_DECISIONS.md §4 krok 3; brak zmapowanego tagu i wzorca tytulu)
0597IbnJawzi.LaftatKabad.ShamAY0034818-ara1,0597IbnJawzi.LaftatKabad,0597IbnJawzi,other,other,history,standard,residual other (09_DECISIONS.md §4 krok 3; brak zmapowanego tagu i wzorca tytulu)
0597IbnJawzi.Lataif.JK010243-ara1,0597IbnJawzi.Lataif,0597IbnJawzi,other,other,history,standard,residual other (09_DECISIONS.md §4 krok 3; brak zmapowanego tagu i wzorca tytulu)
0597IbnJawzi.ManaqibImamAhmad.Sham19Y0013250-ara1,0597IbnJawzi.ManaqibImamAhmad,0597IbnJawzi,other,other,history,standard,residual other (09_DECISIONS.md §4 krok 3; brak zmapowanego tagu i wzorca tytulu)
0597IbnJawzi.Manthur.JK010180-ara1,0597IbnJawzi.Manthur,0597IbnJawzi,other,other,history,standard,residual other (09_DECISIONS.md §4 krok 3; brak zmapowanego tagu i wzorca tytulu)
0597IbnJawzi.Mudhish.JK001210-ara1,0597IbnJawzi.Mudhish,0597IbnJawzi,other,other,history,standard,residual other (09_DECISIONS.md §4 krok 3; brak zmapowanego tagu i wzorca tytulu)
0597IbnJawzi.Muqliq.Shamela0026892-ara1,0597IbnJawzi.Muqliq,0597IbnJawzi,other,other,history,standard,residual other (09_DECISIONS.md §4 krok 3; brak zmapowanego tagu i wzorca tytulu)
0597IbnJawzi.SaydKhatir.JK010547-ara1,0597IbnJawzi.SaydKhatir,0597IbnJawzi,other,other,history,standard,residual other (09_DECISIONS.md §4 krok 3; brak zmapowanego tagu i wzorca tytulu)
0597IbnJawzi.TanbihNaim.JK010245-ara1,0597IbnJawzi.TanbihNaim,0597IbnJawzi,other,other,history,standard,residual other (09_DECISIONS.md §4 krok 3; brak zmapowanego tagu i wzorca tytulu)
0597IbnJawzi.TaqwimLisan.Sham19Y0016541-ara1,0597IbnJawzi.TaqwimLisan,0597IbnJawzi,other,other,history,standard,residual other (09_DECISIONS.md §4 krok 3; brak zmapowanego tagu i wzorca tytulu)
0597IbnJawzi.Yaquta.Shamela0008160-ara1,0597IbnJawzi.Yaquta,0597IbnJawzi,other,other,history,standard,residual other (09_DECISIONS.md §4 krok 3; brak zmapowanego tagu i wzorca tytulu)
0606FakhrDinRazi.ArbacinFiUsulDin.Rafed0003314Vols-ara1,0606FakhrDinRazi.ArbacinFiUsulDin,0606FakhrDinRazi,other,other,tafsir,standard,residual other (09_DECISIONS.md §4 krok 3; brak zmapowanego tagu i wzorca tytulu)
0606FakhrDinRazi.MatalibCaliya.Rafed0003630Vols-ara1,0606FakhrDinRazi.MatalibCaliya,0606FakhrDinRazi,other,other,tafsir,standard,residual other (09_DECISIONS.md §4 krok 3; brak zmapowanego tagu i wzorca tytulu)
0606FakhrDinRazi.MinAsrarTanzil.ShamAY0034048-ara1,0606FakhrDinRazi.MinAsrarTanzil,0606FakhrDinRazi,other,other,tafsir,standard,residual other (09_DECISIONS.md §4 krok 3; brak zmapowanego tagu i wzorca tytulu)
0606FakhrDinRazi.QadaWaQadar.Rafed0003462-ara1,0606FakhrDinRazi.QadaWaQadar,0606FakhrDinRazi,other,other,tafsir,standard,residual other (09_DECISIONS.md §4 krok 3; brak zmapowanego tagu i wzorca tytulu)
0606FakhrDinRazi.ShajaraMubaraka.ShamAY0037025-ara1,0606FakhrDinRazi.ShajaraMubaraka,0606FakhrDinRazi,other,other,tafsir,standard,residual other (09_DECISIONS.md §4 krok 3; brak zmapowanego tagu i wzorca tytulu)
0606IbnAthirMajdDin.Badic.Sham19Y0017905-ara1,0606IbnAthirMajdDin.Badic,0606IbnAthirMajdDin,other,other,hadith_collection,standard,residual other (09_DECISIONS.md §4 krok 3; brak zmapowanego tagu i wzorca tytulu)
0616MuhibbDinCukbari.Lubab.JK001423-ara1,0616MuhibbDinCukbari.Lubab,0616MuhibbDinCukbari,other,other,poetry_diwan,standard,residual other (09_DECISIONS.md §4 krok 3; brak zmapowanego tagu i wzorca tytulu)
0616MuhibbDinCukbari.MasailKhilafiyya.JK001183-ara1,0616MuhibbDinCukbari.MasailKhilafiyya,0616MuhibbDinCukbari,other,other,poetry_diwan,standard,residual other (09_DECISIONS.md §4 krok 3; brak zmapowanego tagu i wzorca tytulu)
0616MuhibbDinCukbari.MasailNahwMufrada.ShamAY0037027-ara1,0616MuhibbDinCukbari.MasailNahwMufrada,0616MuhibbDinCukbari,other,other,poetry_diwan,standard,residual other (09_DECISIONS.md §4 krok 3; brak zmapowanego tagu i wzorca tytulu)
0616MuhibbDinCukbari.Tabyin.Sham19Y0013786-ara1,0616MuhibbDinCukbari.Tabyin,0616MuhibbDinCukbari,other,other,poetry_diwan,standard,residual other (09_DECISIONS.md §4 krok 3; brak zmapowanego tagu i wzorca tytulu)
0616MuhibbDinCukbari.TalqinFiNahw.ShamAY0037177-ara1,0616MuhibbDinCukbari.TalqinFiNahw,0616MuhibbDinCukbari,other,other,poetry_diwan,standard,residual other (09_DECISIONS.md §4 krok 3; brak zmapowanego tagu i wzorca tytulu)
0620IbnQudamaMaqdisi.Burhan.ShamAY0034079-ara1,0620IbnQudamaMaqdisi.Burhan,0620IbnQudamaMaqdisi,other,other,fiqh,standard,residual other (09_DECISIONS.md §4 krok 3; brak zmapowanego tagu i wzorca tytulu)
0620IbnQudamaMaqdisi.CumdatHazim.Sham19Y0014207-ara1,0620IbnQudamaMaqdisi.CumdatHazim,0620IbnQudamaMaqdisi,other,other,fiqh,standard,residual other (09_DECISIONS.md §4 krok 3; brak zmapowanego tagu i wzorca tytulu)
0620IbnQudamaMaqdisi.DhammMuwaswisin.ShamAY0034304-ara1,0620IbnQudamaMaqdisi.DhammMuwaswisin,0620IbnQudamaMaqdisi,other,other,fiqh,standard,residual other (09_DECISIONS.md §4 krok 3; brak zmapowanego tagu i wzorca tytulu)
0620IbnQudamaMaqdisi.Fawaid.ShamAY0032887-ara1,0620IbnQudamaMaqdisi.Fawaid,0620IbnQudamaMaqdisi,other,other,fiqh,standard,residual other (09_DECISIONS.md §4 krok 3; brak zmapowanego tagu i wzorca tytulu)
0620IbnQudamaMaqdisi.IthbatSifatCuluww.JK000337-ara1,0620IbnQudamaMaqdisi.IthbatSifatCuluww,0620IbnQudamaMaqdisi,other,other,fiqh,standard,residual other (09_DECISIONS.md §4 krok 3; brak zmapowanego tagu i wzorca tytulu)
0620IbnQudamaMaqdisi.MuntakhabMinCilal.Shamela0026075-ara1,0620IbnQudamaMaqdisi.MuntakhabMinCilal,0620IbnQudamaMaqdisi,other,other,fiqh,standard,residual other (09_DECISIONS.md §4 krok 3; brak zmapowanego tagu i wzorca tytulu)
0620IbnQudamaMaqdisi.Wasiyya.ShamAY0034298-ara1,0620IbnQudamaMaqdisi.Wasiyya,0620IbnQudamaMaqdisi,other,other,fiqh,standard,residual other (09_DECISIONS.md §4 krok 3; brak zmapowanego tagu i wzorca tytulu)
0638IbnCarabi.FususHikam.Kraken21042913-ara1,0638IbnCarabi.FususHikam,0638IbnCarabi,other,other,adab_prose,standard,residual other (09_DECISIONS.md §4 krok 3; brak zmapowanego tagu i wzorca tytulu)
0654SibtIbnJawzi.MiratZaman.Sham19Y0023644-ara1,0654SibtIbnJawzi.MiratZaman,0654SibtIbnJawzi,other,other,other,standard,residual other (09_DECISIONS.md §4 krok 3; brak zmapowanego tagu i wzorca tytulu)
0654SibtIbnJawzi.TadhkiratKhawass.ShamAY0033599-ara1,0654SibtIbnJawzi.TadhkiratKhawass,0654SibtIbnJawzi,other,other,other,standard,residual other (09_DECISIONS.md §4 krok 3; brak zmapowanego tagu i wzorca tytulu)
0660IbnCadim.Darari.Shamela0007326-ara1,0660IbnCadim.Darari,0660IbnCadim,other,other,history,standard,residual other (09_DECISIONS.md §4 krok 3; brak zmapowanego tagu i wzorca tytulu)
0660IbnCadim.Insaf.ShamAY0035833-ara1,0660IbnCadim.Insaf,0660IbnCadim,other,other,history,standard,residual other (09_DECISIONS.md §4 krok 3; brak zmapowanego tagu i wzorca tytulu)
0671AbuCabdAllahQurtubi.TadhkarFiAfdalAdhkar.ShamAY0033729-ara1,0671AbuCabdAllahQurtubi.TadhkarFiAfdalAdhkar,0671AbuCabdAllahQurtubi,other,other,fiqh,standard,residual other (09_DECISIONS.md §4 krok 3; brak zmapowanego tagu i wzorca tytulu)
0671AbuCabdAllahQurtubi.TadhkiraFiAhwalMawta.Shamela0021536-ara1,0671AbuCabdAllahQurtubi.TadhkiraFiAhwalMawta,0671AbuCabdAllahQurtubi,other,other,fiqh,standard,residual other (09_DECISIONS.md §4 krok 3; brak zmapowanego tagu i wzorca tytulu)
0676Nawawi.ArbacunaNawawiyya.Shamela0012836-ara1,0676Nawawi.ArbacunaNawawiyya,0676Nawawi,other,other,fiqh,standard,residual other (09_DECISIONS.md §4 krok 3; brak zmapowanego tagu i wzorca tytulu)
0676Nawawi.MinhajTalibin.JK001168-ara1,0676Nawawi.MinhajTalibin,0676Nawawi,other,other,fiqh,standard,residual other (09_DECISIONS.md §4 krok 3; brak zmapowanego tagu i wzorca tytulu)
0676Nawawi.TahdhibAsma.Shamela0009702-ara1,0676Nawawi.TahdhibAsma,0676Nawawi,other,other,fiqh,standard,residual other (09_DECISIONS.md §4 krok 3; brak zmapowanego tagu i wzorca tytulu)
0676Nawawi.TakhmisGhanima.ShamAY0034318-ara1,0676Nawawi.TakhmisGhanima,0676Nawawi,other,other,fiqh,standard,residual other (09_DECISIONS.md §4 krok 3; brak zmapowanego tagu i wzorca tytulu)
0684ShihabDinQarafi.CiqdManzum.Sham19Y0020860-ara1,0684ShihabDinQarafi.CiqdManzum,0684ShihabDinQarafi,other,other,fiqh,standard,residual other (09_DECISIONS.md §4 krok 3; brak zmapowanego tagu i wzorca tytulu)
0684ShihabDinQarafi.Furuq.Shamela0002215BK1-ara1,0684ShihabDinQarafi.Furuq,0684ShihabDinQarafi,other,other,fiqh,standard,residual other (09_DECISIONS.md §4 krok 3; brak zmapowanego tagu i wzorca tytulu)
0684ShihabDinQarafi.IhkamFiTamyizFatawa.Sham19Y0014218-ara1,0684ShihabDinQarafi.IhkamFiTamyizFatawa,0684ShihabDinQarafi,other,other,fiqh,standard,residual other (09_DECISIONS.md §4 krok 3; brak zmapowanego tagu i wzorca tytulu)
0684ShihabDinQarafi.IhtimalatMarjuha.ShamAY0037611-ara1,0684ShihabDinQarafi.IhtimalatMarjuha,0684ShihabDinQarafi,other,other,fiqh,standard,residual other (09_DECISIONS.md §4 krok 3; brak zmapowanego tagu i wzorca tytulu)
0684ShihabDinQarafi.NafaisUsul.Sham19Y0014280-ara1,0684ShihabDinQarafi.NafaisUsul,0684ShihabDinQarafi,other,other,fiqh,standard,residual other (09_DECISIONS.md §4 krok 3; brak zmapowanego tagu i wzorca tytulu)
0710IbnRifca.Nafais.GVDB20190213-ara1,0710IbnRifca.Nafais,0710IbnRifca,other,other,fiqh,standard,residual other (09_DECISIONS.md §4 krok 3; brak zmapowanego tagu i wzorca tytulu)
0711IbnManzurIfriqi.NitharAzhar.Shamela0037632-ara1,0711IbnManzurIfriqi.NitharAzhar,0711IbnManzurIfriqi,other,other,history,standard,residual other (09_DECISIONS.md §4 krok 3; brak zmapowanego tagu i wzorca tytulu)
0711IbnManzurIfriqi.SururNafs.Shamela0001032-ara1,0711IbnManzurIfriqi.SururNafs,0711IbnManzurIfriqi,other,other,history,standard,residual other (09_DECISIONS.md §4 krok 3; brak zmapowanego tagu i wzorca tytulu)
0726CallamaHilli.BabHadiCashar.Rafed0002478-ara1,0726CallamaHilli.BabHadiCashar,0726CallamaHilli,other,other,fiqh,standard,residual other (09_DECISIONS.md §4 krok 3; brak zmapowanego tagu i wzorca tytulu)
0726CallamaHilli.IdahIshtibah.Masaha003516-ara1,0726CallamaHilli.IdahIshtibah,0726CallamaHilli,other,other,fiqh,standard,residual other (09_DECISIONS.md §4 krok 3; brak zmapowanego tagu i wzorca tytulu)
0726CallamaHilli.IrshadAdhhan.Masaha000749Vols-ara1,0726CallamaHilli.IrshadAdhhan,0726CallamaHilli,other,other,fiqh,standard,residual other (09_DECISIONS.md §4 krok 3; brak zmapowanego tagu i wzorca tytulu)
0726CallamaHilli.KashfYaqin.Shia003712-ara1,0726CallamaHilli.KashfYaqin,0726CallamaHilli,other,other,fiqh,standard,residual other (09_DECISIONS.md §4 krok 3; brak zmapowanego tagu i wzorca tytulu)
0726CallamaHilli.KhulasatAqwal.Shia002940-ara1,0726CallamaHilli.KhulasatAqwal,0726CallamaHilli,other,other,fiqh,standard,residual other (09_DECISIONS.md §4 krok 3; brak zmapowanego tagu i wzorca tytulu)
0726CallamaHilli.KitabAlfayn.Shia004015-ara1,0726CallamaHilli.KitabAlfayn,0726CallamaHilli,other,other,fiqh,standard,residual other (09_DECISIONS.md §4 krok 3; brak zmapowanego tagu i wzorca tytulu)
0726CallamaHilli.ManahijYaqin.Rafed0003583-ara1,0726CallamaHilli.ManahijYaqin,0726CallamaHilli,other,other,fiqh,standard,residual other (09_DECISIONS.md §4 krok 3; brak zmapowanego tagu i wzorca tytulu)
0726CallamaHilli.NahjHaqq.Shia004020-ara1,0726CallamaHilli.NahjHaqq,0726CallamaHilli,other,other,fiqh,standard,residual other (09_DECISIONS.md §4 krok 3; brak zmapowanego tagu i wzorca tytulu)
0726CallamaHilli.NihayatMaram.Rafed0003369Vols-ara1,0726CallamaHilli.NihayatMaram,0726CallamaHilli,other,other,fiqh,standard,residual other (09_DECISIONS.md §4 krok 3; brak zmapowanego tagu i wzorca tytulu)
0726CallamaHilli.NihayatWusul.Masaha004768Vols-ara1,0726CallamaHilli.NihayatWusul,0726CallamaHilli,other,other,fiqh,standard,residual other (09_DECISIONS.md §4 krok 3; brak zmapowanego tagu i wzorca tytulu)
0726CallamaHilli.Rijal.Masaha004722-ara1,0726CallamaHilli.Rijal,0726CallamaHilli,other,other,fiqh,standard,residual other (09_DECISIONS.md §4 krok 3; brak zmapowanego tagu i wzorca tytulu)
0726CallamaHilli.TahdhibWusul.Masaha003619-ara1,0726CallamaHilli.TahdhibWusul,0726CallamaHilli,other,other,fiqh,standard,residual other (09_DECISIONS.md §4 krok 3; brak zmapowanego tagu i wzorca tytulu)
0728IbnTaymiyya.Cubudiyya.Shamela0022647-ara1,0728IbnTaymiyya.Cubudiyya,0728IbnTaymiyya,other,other,other,standard,residual other (09_DECISIONS.md §4 krok 3; brak zmapowanego tagu i wzorca tytulu)
0728IbnTaymiyya.DarTacarud.JK000362-ara1,0728IbnTaymiyya.DarTacarud,0728IbnTaymiyya,other,other,other,standard,residual other (09_DECISIONS.md §4 krok 3; brak zmapowanego tagu i wzorca tytulu)
0728IbnTaymiyya.FaslFiFadailAimmaArbaca.ShamAY0034394BK1-ara1,0728IbnTaymiyya.FaslFiFadailAimmaArbaca,0728IbnTaymiyya,other,other,other,standard,residual other (09_DECISIONS.md §4 krok 3; brak zmapowanego tagu i wzorca tytulu)
0728IbnTaymiyya.FaslFiIshtiratHafzQuran.ShamAY0034394BK2-ara1,0728IbnTaymiyya.FaslFiIshtiratHafzQuran,0728IbnTaymiyya,other,other,other,standard,residual other (09_DECISIONS.md §4 krok 3; brak zmapowanego tagu i wzorca tytulu)
0728IbnTaymiyya.FaslFiTazkiyyatNafs.Sham19Y0133364-ara1,0728IbnTaymiyya.FaslFiTazkiyyatNafs,0728IbnTaymiyya,other,other,other,standard,residual other (09_DECISIONS.md §4 krok 3; brak zmapowanego tagu i wzorca tytulu)
0728IbnTaymiyya.FatawaKubra.JK001414-ara1,0728IbnTaymiyya.FatawaKubra,0728IbnTaymiyya,other,other,other,standard,residual other (09_DECISIONS.md §4 krok 3; brak zmapowanego tagu i wzorca tytulu)
0728IbnTaymiyya.FiCabdMahabba.Shamela0022668-ara1,0728IbnTaymiyya.FiCabdMahabba,0728IbnTaymiyya,other,other,other,standard,residual other (09_DECISIONS.md §4 krok 3; brak zmapowanego tagu i wzorca tytulu)
0728IbnTaymiyya.FurqanBaynaAwliya.Shamela0021499-ara1,0728IbnTaymiyya.FurqanBaynaAwliya,0728IbnTaymiyya,other,other,other,standard,residual other (09_DECISIONS.md §4 krok 3; brak zmapowanego tagu i wzorca tytulu)
0728IbnTaymiyya.HamawiyyaKubra.Shamela0018381-ara1,0728IbnTaymiyya.HamawiyyaKubra,0728IbnTaymiyya,other,other,other,standard,residual other (09_DECISIONS.md §4 krok 3; brak zmapowanego tagu i wzorca tytulu)
0728IbnTaymiyya.Hisba.JK006982-ara1,0728IbnTaymiyya.Hisba,0728IbnTaymiyya,other,other,other,standard,residual other (09_DECISIONS.md §4 krok 3; brak zmapowanego tagu i wzorca tytulu)
0728IbnTaymiyya.HuquqAlBayt.Shamela0011162-ara1,0728IbnTaymiyya.HuquqAlBayt,0728IbnTaymiyya,other,other,other,standard,residual other (09_DECISIONS.md §4 krok 3; brak zmapowanego tagu i wzorca tytulu)
0728IbnTaymiyya.IhtijajBiQadar.Shamela0000301-ara1,0728IbnTaymiyya.IhtijajBiQadar,0728IbnTaymiyya,other,other,other,standard,residual other (09_DECISIONS.md §4 krok 3; brak zmapowanego tagu i wzorca tytulu)
0728IbnTaymiyya.Iklil.Shamela0009220-ara1,0728IbnTaymiyya.Iklil,0728IbnTaymiyya,other,other,other,standard,residual other (09_DECISIONS.md §4 krok 3; brak zmapowanego tagu i wzorca tytulu)
0728IbnTaymiyya.Imama.ShamAY0035288-ara1,0728IbnTaymiyya.Imama,0728IbnTaymiyya,other,other,other,standard,residual other (09_DECISIONS.md §4 krok 3; brak zmapowanego tagu i wzorca tytulu)
0728IbnTaymiyya.Intisar.ShamAY0038316-ara1,0728IbnTaymiyya.Intisar,0728IbnTaymiyya,other,other,other,standard,residual other (09_DECISIONS.md §4 krok 3; brak zmapowanego tagu i wzorca tytulu)
0728IbnTaymiyya.IqtidaSirat.JK000367-ara1,0728IbnTaymiyya.IqtidaSirat,0728IbnTaymiyya,other,other,other,standard,residual other (09_DECISIONS.md §4 krok 3; brak zmapowanego tagu i wzorca tytulu)
0728IbnTaymiyya.Istighatha.JK000385-ara1,0728IbnTaymiyya.Istighatha,0728IbnTaymiyya,other,other,other,standard,residual other (09_DECISIONS.md §4 krok 3; brak zmapowanego tagu i wzorca tytulu)
0728IbnTaymiyya.JamicMasail.Sham19Y0016953Vols-ara1,0728IbnTaymiyya.JamicMasail,0728IbnTaymiyya,other,other,other,standard,residual other (09_DECISIONS.md §4 krok 3; brak zmapowanego tagu i wzorca tytulu)
0728IbnTaymiyya.JawabFiHilf.ShamAY0038455-ara1,0728IbnTaymiyya.JawabFiHilf,0728IbnTaymiyya,other,other,other,standard,residual other (09_DECISIONS.md §4 krok 3; brak zmapowanego tagu i wzorca tytulu)
0728IbnTaymiyya.KalimTayyib.Shamela0000327-ara1,0728IbnTaymiyya.KalimTayyib,0728IbnTaymiyya,other,other,other,standard,residual other (09_DECISIONS.md §4 krok 3; brak zmapowanego tagu i wzorca tytulu)
0728IbnTaymiyya.KhilafaWaMulk.JK006983-ara1,0728IbnTaymiyya.KhilafaWaMulk,0728IbnTaymiyya,other,other,other,standard,residual other (09_DECISIONS.md §4 krok 3; brak zmapowanego tagu i wzorca tytulu)
0728IbnTaymiyya.MasalaFiJamacatNisa.ShamAY0034355-ara1,0728IbnTaymiyya.MasalaFiJamacatNisa,0728IbnTaymiyya,other,other,other,standard,residual other (09_DECISIONS.md §4 krok 3; brak zmapowanego tagu i wzorca tytulu)
0728IbnTaymiyya.MasalaFiKanais.Shamela0022651-ara1,0728IbnTaymiyya.MasalaFiKanais,0728IbnTaymiyya,other,other,other,standard,residual other (09_DECISIONS.md §4 krok 3; brak zmapowanego tagu i wzorca tytulu)
0728IbnTaymiyya.MasalaFiMurabata.Shamela0011578-ara1,0728IbnTaymiyya.MasalaFiMurabata,0728IbnTaymiyya,other,other,other,standard,residual other (09_DECISIONS.md §4 krok 3; brak zmapowanego tagu i wzorca tytulu)
0728IbnTaymiyya.MasalaFiTawhidFalasifa.Sham19Y0147670-ara1,0728IbnTaymiyya.MasalaFiTawhidFalasifa,0728IbnTaymiyya,other,other,other,standard,residual other (09_DECISIONS.md §4 krok 3; brak zmapowanego tagu i wzorca tytulu)
0728IbnTaymiyya.MasalatHuduthCalam.ShamAY0034397-ara1,0728IbnTaymiyya.MasalatHuduthCalam,0728IbnTaymiyya,other,other,other,standard,residual other (09_DECISIONS.md §4 krok 3; brak zmapowanego tagu i wzorca tytulu)
0728IbnTaymiyya.MazalimMushtaraka.JK006985-ara1,0728IbnTaymiyya.MazalimMushtaraka,0728IbnTaymiyya,other,other,other,standard,residual other (09_DECISIONS.md §4 krok 3; brak zmapowanego tagu i wzorca tytulu)
0728IbnTaymiyya.MinFatawaIbnTaymiyya.ShamAY0034389-ara1,0728IbnTaymiyya.MinFatawaIbnTaymiyya,0728IbnTaymiyya,other,other,other,standard,residual other (09_DECISIONS.md §4 krok 3; brak zmapowanego tagu i wzorca tytulu)
0728IbnTaymiyya.MinTurathShaykh.Shamela0013088-ara1,0728IbnTaymiyya.MinTurathShaykh,0728IbnTaymiyya,other,other,other,standard,residual other (09_DECISIONS.md §4 krok 3; brak zmapowanego tagu i wzorca tytulu)
0728IbnTaymiyya.MunazaraMacaRifaciyya.ShamAY0034380-ara1,0728IbnTaymiyya.MunazaraMacaRifaciyya,0728IbnTaymiyya,other,other,other,standard,residual other (09_DECISIONS.md §4 krok 3; brak zmapowanego tagu i wzorca tytulu)
0728IbnTaymiyya.MustadrakCalaMajmucFatawa.Shamela0010284-ara1,0728IbnTaymiyya.MustadrakCalaMajmucFatawa,0728IbnTaymiyya,other,other,other,standard,residual other (09_DECISIONS.md §4 krok 3; brak zmapowanego tagu i wzorca tytulu)
0728IbnTaymiyya.NaqdMaratibIjmac.Shamela0008630-ara1,0728IbnTaymiyya.NaqdMaratibIjmac,0728IbnTaymiyya,other,other,other,standard,residual other (09_DECISIONS.md §4 krok 3; brak zmapowanego tagu i wzorca tytulu)
0728IbnTaymiyya.NazariyyatCaqd.ShamAY0034385-ara1,0728IbnTaymiyya.NazariyyatCaqd,0728IbnTaymiyya,other,other,other,standard,residual other (09_DECISIONS.md §4 krok 3; brak zmapowanego tagu i wzorca tytulu)
0728IbnTaymiyya.Nubuwwat.JK000373-ara1,0728IbnTaymiyya.Nubuwwat,0728IbnTaymiyya,other,other,other,standard,residual other (09_DECISIONS.md §4 krok 3; brak zmapowanego tagu i wzorca tytulu)
0728IbnTaymiyya.Nusayriyya.Shamela0008596-ara1,0728IbnTaymiyya.Nusayriyya,0728IbnTaymiyya,other,other,other,standard,residual other (09_DECISIONS.md §4 krok 3; brak zmapowanego tagu i wzorca tytulu)
0728IbnTaymiyya.QacidaCazimaFiFarq.Shamela0012769-ara1,0728IbnTaymiyya.QacidaCazimaFiFarq,0728IbnTaymiyya,other,other,other,standard,residual other (09_DECISIONS.md §4 krok 3; brak zmapowanego tagu i wzorca tytulu)
0728IbnTaymiyya.QacidaFiAmwalSultaniyya.ShamAY0034357-ara1,0728IbnTaymiyya.QacidaFiAmwalSultaniyya,0728IbnTaymiyya,other,other,other,standard,residual other (09_DECISIONS.md §4 krok 3; brak zmapowanego tagu i wzorca tytulu)
0728IbnTaymiyya.QacidaFiInghimas.Shamela0011288-ara1,0728IbnTaymiyya.QacidaFiInghimas,0728IbnTaymiyya,other,other,other,standard,residual other (09_DECISIONS.md §4 krok 3; brak zmapowanego tagu i wzorca tytulu)
0728IbnTaymiyya.QacidaFiQitalKuffar.Sham19Y0147669-ara1,0728IbnTaymiyya.QacidaFiQitalKuffar,0728IbnTaymiyya,other,other,other,standard,residual other (09_DECISIONS.md §4 krok 3; brak zmapowanego tagu i wzorca tytulu)
0728IbnTaymiyya.QacidaFiSabr.Shamela0012153-ara1,0728IbnTaymiyya.QacidaFiSabr,0728IbnTaymiyya,other,other,other,standard,residual other (09_DECISIONS.md §4 krok 3; brak zmapowanego tagu i wzorca tytulu)
0728IbnTaymiyya.QacidaHasanaFiBaqiyat.Shamela0022650-ara1,0728IbnTaymiyya.QacidaHasanaFiBaqiyat,0728IbnTaymiyya,other,other,other,standard,residual other (09_DECISIONS.md §4 krok 3; brak zmapowanego tagu i wzorca tytulu)
0728IbnTaymiyya.QacidaJamicaFiTawhid.Shamela0011285-ara1,0728IbnTaymiyya.QacidaJamicaFiTawhid,0728IbnTaymiyya,other,other,other,standard,residual other (09_DECISIONS.md §4 krok 3; brak zmapowanego tagu i wzorca tytulu)
0728IbnTaymiyya.QacidaMukhtaciraFiWujubTaca.Shamela0011290-ara1,0728IbnTaymiyya.QacidaMukhtaciraFiWujubTaca,0728IbnTaymiyya,other,other,other,standard,residual other (09_DECISIONS.md §4 krok 3; brak zmapowanego tagu i wzorca tytulu)
0728IbnTaymiyya.QacidaTatadammanuDhikrMalabisNabi.Shamela0022648-ara1,0728IbnTaymiyya.QacidaTatadammanuDhikrMalabisNabi,0728IbnTaymiyya,other,other,other,standard,residual other (09_DECISIONS.md §4 krok 3; brak zmapowanego tagu i wzorca tytulu)
0728IbnTaymiyya.QasidaTaiyyaFiQadar.Shamela0000792-ara1,0728IbnTaymiyya.QasidaTaiyyaFiQadar,0728IbnTaymiyya,other,other,other,standard,residual other (09_DECISIONS.md §4 krok 3; brak zmapowanego tagu i wzorca tytulu)
0728IbnTaymiyya.RaddCalaManQalaBiFanaJanna.Shamela0002908-ara1,0728IbnTaymiyya.RaddCalaManQalaBiFanaJanna,0728IbnTaymiyya,other,other,other,standard,residual other (09_DECISIONS.md §4 krok 3; brak zmapowanego tagu i wzorca tytulu)
0728IbnTaymiyya.RaddCalaShadhili.Shamela0001463-ara1,0728IbnTaymiyya.RaddCalaShadhili,0728IbnTaymiyya,other,other,other,standard,residual other (09_DECISIONS.md §4 krok 3; brak zmapowanego tagu i wzorca tytulu)
0728IbnTaymiyya.RaddCalaSubki.Sham19Y0032384-ara1,0728IbnTaymiyya.RaddCalaSubki,0728IbnTaymiyya,other,other,other,standard,residual other (09_DECISIONS.md §4 krok 3; brak zmapowanego tagu i wzorca tytulu)
0728IbnTaymiyya.RafcMalam.ShamAY0034369-ara1,0728IbnTaymiyya.RafcMalam,0728IbnTaymiyya,other,other,other,standard,residual other (09_DECISIONS.md §4 krok 3; brak zmapowanego tagu i wzorca tytulu)
0728IbnTaymiyya.RisalaAkmaliyya.Shamela0007631-ara1,0728IbnTaymiyya.RisalaAkmaliyya,0728IbnTaymiyya,other,other,other,standard,residual other (09_DECISIONS.md §4 krok 3; brak zmapowanego tagu i wzorca tytulu)
0728IbnTaymiyya.RisalaCarshiyya.Shamela0010784-ara1,0728IbnTaymiyya.RisalaCarshiyya,0728IbnTaymiyya,other,other,other,standard,residual other (09_DECISIONS.md §4 krok 3; brak zmapowanego tagu i wzorca tytulu)
0728IbnTaymiyya.RisalaFiCilmQiraat.ShamAY0034398-ara1,0728IbnTaymiyya.RisalaFiCilmQiraat,0728IbnTaymiyya,other,other,other,standard,residual other (09_DECISIONS.md §4 krok 3; brak zmapowanego tagu i wzorca tytulu)
0728IbnTaymiyya.RisalaFiFadlKhulafaRashidin.Shamela0038157-ara1,0728IbnTaymiyya.RisalaFiFadlKhulafaRashidin,0728IbnTaymiyya,other,other,other,standard,residual other (09_DECISIONS.md §4 krok 3; brak zmapowanego tagu i wzorca tytulu)
0728IbnTaymiyya.RisalaFiUsulDin.Shamela0011216-ara1,0728IbnTaymiyya.RisalaFiUsulDin,0728IbnTaymiyya,other,other,other,standard,residual other (09_DECISIONS.md §4 krok 3; brak zmapowanego tagu i wzorca tytulu)
0728IbnTaymiyya.RisalaIlaSultan.JK010414-ara1,0728IbnTaymiyya.RisalaIlaSultan,0728IbnTaymiyya,other,other,other,standard,residual other (09_DECISIONS.md §4 krok 3; brak zmapowanego tagu i wzorca tytulu)
0728IbnTaymiyya.RisalaMadaniyya.Shamela0007635-ara1,0728IbnTaymiyya.RisalaMadaniyya,0728IbnTaymiyya,other,other,other,standard,residual other (09_DECISIONS.md §4 krok 3; brak zmapowanego tagu i wzorca tytulu)
0728IbnTaymiyya.RisalaQubrusiyya.JK006984-ara1,0728IbnTaymiyya.RisalaQubrusiyya,0728IbnTaymiyya,other,other,other,standard,residual other (09_DECISIONS.md §4 krok 3; brak zmapowanego tagu i wzorca tytulu)
0728IbnTaymiyya.RisalaTadmuriyya.Shamela0022666-ara1,0728IbnTaymiyya.RisalaTadmuriyya,0728IbnTaymiyya,other,other,other,standard,residual other (09_DECISIONS.md §4 krok 3; brak zmapowanego tagu i wzorca tytulu)
0728IbnTaymiyya.SharhHadithNuzul.Shamela0011258-ara1,0728IbnTaymiyya.SharhHadithNuzul,0728IbnTaymiyya,other,other,other,standard,residual other (09_DECISIONS.md §4 krok 3; brak zmapowanego tagu i wzorca tytulu)
0728IbnTaymiyya.ShubuhatHawlCaisha.ShamAY0037807-ara1,0728IbnTaymiyya.ShubuhatHawlCaisha,0728IbnTaymiyya,other,other,other,standard,residual other (09_DECISIONS.md §4 krok 3; brak zmapowanego tagu i wzorca tytulu)
0728IbnTaymiyya.SiyasaSharciyya.JK000008-ara1,0728IbnTaymiyya.SiyasaSharciyya,0728IbnTaymiyya,other,other,other,standard,residual other (09_DECISIONS.md §4 krok 3; brak zmapowanego tagu i wzorca tytulu)
0728IbnTaymiyya.SujudTilawa.Shamela0011238-ara1,0728IbnTaymiyya.SujudTilawa,0728IbnTaymiyya,other,other,other,standard,residual other (09_DECISIONS.md §4 krok 3; brak zmapowanego tagu i wzorca tytulu)
0728IbnTaymiyya.SunnatJumca.Shamela0011240-ara1,0728IbnTaymiyya.SunnatJumca,0728IbnTaymiyya,other,other,other,standard,residual other (09_DECISIONS.md §4 krok 3; brak zmapowanego tagu i wzorca tytulu)
0728IbnTaymiyya.TanbihRajulCaqil.Sham19Y0018645-ara1,0728IbnTaymiyya.TanbihRajulCaqil,0728IbnTaymiyya,other,other,other,standard,residual other (09_DECISIONS.md §4 krok 3; brak zmapowanego tagu i wzorca tytulu)
0728IbnTaymiyya.Tisciniyya.Sham19Y0017581-ara1,0728IbnTaymiyya.Tisciniyya,0728IbnTaymiyya,other,other,other,standard,residual other (09_DECISIONS.md §4 krok 3; brak zmapowanego tagu i wzorca tytulu)
0728IbnTaymiyya.WasitaBaynaHaqqWaKhalq.Shamela0008983-ara1,0728IbnTaymiyya.WasitaBaynaHaqqWaKhalq,0728IbnTaymiyya,other,other,other,standard,residual other (09_DECISIONS.md §4 krok 3; brak zmapowanego tagu i wzorca tytulu)
0728IbnTaymiyya.WasiyyaKubra.ShamAY0034401-ara1,0728IbnTaymiyya.WasiyyaKubra,0728IbnTaymiyya,other,other,other,standard,residual other (09_DECISIONS.md §4 krok 3; brak zmapowanego tagu i wzorca tytulu)
0728IbnTaymiyya.WasiyyaSughra.ShamAY0034367-ara1,0728IbnTaymiyya.WasiyyaSughra,0728IbnTaymiyya,other,other,other,standard,residual other (09_DECISIONS.md §4 krok 3; brak zmapowanego tagu i wzorca tytulu)
0743SharafDinTibi.Khulasa.Sham19Y0017807-ara1,0743SharafDinTibi.Khulasa,0743SharafDinTibi,other,other,history,standard,residual other (09_DECISIONS.md §4 krok 3; brak zmapowanego tagu i wzorca tytulu)
0745AbuHayyanGharnati.HadithShuyukhBaghdad.ShamAY0032770-ara1,0745AbuHayyanGharnati.HadithShuyukhBaghdad,0745AbuHayyanGharnati,other,other,tafsir,standard,residual other (09_DECISIONS.md §4 krok 3; brak zmapowanego tagu i wzorca tytulu)
0745AbuHayyanGharnati.Irtishaf.Sham19Y0016595-ara1,0745AbuHayyanGharnati.Irtishaf,0745AbuHayyanGharnati,other,other,tafsir,standard,residual other (09_DECISIONS.md §4 krok 3; brak zmapowanego tagu i wzorca tytulu)
0745AbuHayyanGharnati.TadhyilTashil.Sham19Y0017116-ara1,0745AbuHayyanGharnati.TadhyilTashil,0745AbuHayyanGharnati,other,other,tafsir,standard,residual other (09_DECISIONS.md §4 krok 3; brak zmapowanego tagu i wzorca tytulu)
0748Dhahabi.Amsar.ShamAY0037135-ara1,0748Dhahabi.Amsar,0748Dhahabi,other,other,hadith_collection,standard,residual other (09_DECISIONS.md §4 krok 3; brak zmapowanego tagu i wzorca tytulu)
0748Dhahabi.AsmaManCashThamaninSana.ShamAY0034571-ara1,0748Dhahabi.AsmaManCashThamaninSana,0748Dhahabi,other,other,hadith_collection,standard,residual other (09_DECISIONS.md §4 krok 3; brak zmapowanego tagu i wzorca tytulu)
0748Dhahabi.CibarFiKhabar.Shamela0025841-ara1,0748Dhahabi.CibarFiKhabar,0748Dhahabi,other,other,hadith_collection,standard,residual other (09_DECISIONS.md §4 krok 3; brak zmapowanego tagu i wzorca tytulu)
0748Dhahabi.DhaylCibar.JK001291BK1-ara1,0748Dhahabi.DhaylCibar,0748Dhahabi,other,other,hadith_collection,standard,residual other (09_DECISIONS.md §4 krok 3; brak zmapowanego tagu i wzorca tytulu)
0748Dhahabi.FaslFiSamac.ShamAY0033562BK2-ara1,0748Dhahabi.FaslFiSamac,0748Dhahabi,other,other,hadith_collection,standard,residual other (09_DECISIONS.md §4 krok 3; brak zmapowanego tagu i wzorca tytulu)
0748Dhahabi.Kabair.JK000429-ara1,0748Dhahabi.Kabair,0748Dhahabi,other,other,hadith_collection,standard,residual other (09_DECISIONS.md §4 krok 3; brak zmapowanego tagu i wzorca tytulu)
0748Dhahabi.ManaqibAbiHanifa.Shamela0010461BK1-ara1,0748Dhahabi.ManaqibAbiHanifa,0748Dhahabi,other,other,hadith_collection,standard,residual other (09_DECISIONS.md §4 krok 3; brak zmapowanego tagu i wzorca tytulu)
0748Dhahabi.Mustamlah.ShamAY0034658-ara1,0748Dhahabi.Mustamlah,0748Dhahabi,other,other,hadith_collection,standard,residual other (09_DECISIONS.md §4 krok 3; brak zmapowanego tagu i wzorca tytulu)
0748Dhahabi.TadhhibTahdhib.Sham19Y0149213-ara1,0748Dhahabi.TadhhibTahdhib,0748Dhahabi,other,other,hadith_collection,standard,residual other (09_DECISIONS.md §4 krok 3; brak zmapowanego tagu i wzorca tytulu)
0748Dhahabi.TarjamatAbiYusuf.Shamela0010461BK2-ara1,0748Dhahabi.TarjamatAbiYusuf,0748Dhahabi,other,other,hadith_collection,standard,residual other (09_DECISIONS.md §4 krok 3; brak zmapowanego tagu i wzorca tytulu)
0748Dhahabi.TarjamatImamShaybani.Shamela0010461BK3-ara1,0748Dhahabi.TarjamatImamShaybani,0748Dhahabi,other,other,hadith_collection,standard,residual other (09_DECISIONS.md §4 krok 3; brak zmapowanego tagu i wzorca tytulu)
0748Dhahabi.TashbihKhasis.ShamAY0036028-ara1,0748Dhahabi.TashbihKhasis,0748Dhahabi,other,other,hadith_collection,standard,residual other (09_DECISIONS.md §4 krok 3; brak zmapowanego tagu i wzorca tytulu)
0748Dhahabi.TibbNabawi.ShamAY0033562BK1-ara1,0748Dhahabi.TibbNabawi,0748Dhahabi,other,other,hadith_collection,standard,residual other (09_DECISIONS.md §4 krok 3; brak zmapowanego tagu i wzorca tytulu)
0751IbnQayyimJawziyya.AclamMuwaqqicin.JK000094-ara1,0751IbnQayyimJawziyya.AclamMuwaqqicin,0751IbnQayyimJawziyya,other,other,other,standard,residual other (09_DECISIONS.md §4 krok 3; brak zmapowanego tagu i wzorca tytulu)
0751IbnQayyimJawziyya.AsrarSalat.ShamAY0034431-ara1,0751IbnQayyimJawziyya.AsrarSalat,0751IbnQayyimJawziyya,other,other,other,standard,residual other (09_DECISIONS.md §4 krok 3; brak zmapowanego tagu i wzorca tytulu)
0751IbnQayyimJawziyya.FaidaJalila.Shamela0011329-ara1,0751IbnQayyimJawziyya.FaidaJalila,0751IbnQayyimJawziyya,other,other,other,standard,residual other (09_DECISIONS.md §4 krok 3; brak zmapowanego tagu i wzorca tytulu)
0751IbnQayyimJawziyya.HadiArwah.JK000083-ara1,0751IbnQayyimJawziyya.HadiArwah,0751IbnQayyimJawziyya,other,other,other,standard,residual other (09_DECISIONS.md §4 krok 3; brak zmapowanego tagu i wzorca tytulu)
0751IbnQayyimJawziyya.IjtimacJuyush.JK000090-ara1,0751IbnQayyimJawziyya.IjtimacJuyush,0751IbnQayyimJawziyya,other,other,other,standard,residual other (09_DECISIONS.md §4 krok 3; brak zmapowanego tagu i wzorca tytulu)
0751IbnQayyimJawziyya.KafiyaShafiya.ShamAY0034419-ara1,0751IbnQayyimJawziyya.KafiyaShafiya,0751IbnQayyimJawziyya,other,other,other,standard,residual other (09_DECISIONS.md §4 krok 3; brak zmapowanego tagu i wzorca tytulu)
0751IbnQayyimJawziyya.MiftahDarSacada.JK000082-ara1,0751IbnQayyimJawziyya.MiftahDarSacada,0751IbnQayyimJawziyya,other,other,other,standard,residual other (09_DECISIONS.md §4 krok 3; brak zmapowanego tagu i wzorca tytulu)
0751IbnQayyimJawziyya.NaqdManqul.JK000096-ara1,0751IbnQayyimJawziyya.NaqdManqul,0751IbnQayyimJawziyya,other,other,other,standard,residual other (09_DECISIONS.md §4 krok 3; brak zmapowanego tagu i wzorca tytulu)
0751IbnQayyimJawziyya.RafcYadaynFiSalat.ShamAY0038390-ara1,0751IbnQayyimJawziyya.RafcYadaynFiSalat,0751IbnQayyimJawziyya,other,other,other,standard,residual other (09_DECISIONS.md §4 krok 3; brak zmapowanego tagu i wzorca tytulu)
0751IbnQayyimJawziyya.Salat.JK000099-ara1,0751IbnQayyimJawziyya.Salat,0751IbnQayyimJawziyya,other,other,other,standard,residual other (09_DECISIONS.md §4 krok 3; brak zmapowanego tagu i wzorca tytulu)
0751IbnQayyimJawziyya.ShifaCalil.JK000100-ara1,0751IbnQayyimJawziyya.ShifaCalil,0751IbnQayyimJawziyya,other,other,other,standard,residual other (09_DECISIONS.md §4 krok 3; brak zmapowanego tagu i wzorca tytulu)
0751IbnQayyimJawziyya.SifatMunafiqin.Shamela0030842-ara1,0751IbnQayyimJawziyya.SifatMunafiqin,0751IbnQayyimJawziyya,other,other,other,standard,residual other (09_DECISIONS.md §4 krok 3; brak zmapowanego tagu i wzorca tytulu)
0751IbnQayyimJawziyya.TariqHijratayn.JK000065-ara1,0751IbnQayyimJawziyya.TariqHijratayn,0751IbnQayyimJawziyya,other,other,other,standard,residual other (09_DECISIONS.md §4 krok 3; brak zmapowanego tagu i wzorca tytulu)
0751IbnQayyimJawziyya.TibbNabawi.JK000010-ara1,0751IbnQayyimJawziyya.TibbNabawi,0751IbnQayyimJawziyya,other,other,other,standard,residual other (09_DECISIONS.md §4 krok 3; brak zmapowanego tagu i wzorca tytulu)
0751IbnQayyimJawziyya.TibyanFiAqsamQuran.JK000102-ara1,0751IbnQayyimJawziyya.TibyanFiAqsamQuran,0751IbnQayyimJawziyya,other,other,other,standard,residual other (09_DECISIONS.md §4 krok 3; brak zmapowanego tagu i wzorca tytulu)
0751IbnQayyimJawziyya.WabilSayyib.JK000069-ara1,0751IbnQayyimJawziyya.WabilSayyib,0751IbnQayyimJawziyya,other,other,other,standard,residual other (09_DECISIONS.md §4 krok 3; brak zmapowanego tagu i wzorca tytulu)
0764Safadi.KashfHal.Shamela0005393-ara1,0764Safadi.KashfHal,0764Safadi,other,other,biography,standard,residual other (09_DECISIONS.md §4 krok 3; brak zmapowanego tagu i wzorca tytulu)
0764Safadi.LawcatShaki.Shamela0037494-ara1,0764Safadi.LawcatShaki,0764Safadi,other,other,biography,standard,residual other (09_DECISIONS.md §4 krok 3; brak zmapowanego tagu i wzorca tytulu)
0764Safadi.NusratThair.Shamela0000514-ara1,0764Safadi.NusratThair,0764Safadi,other,other,biography,standard,residual other (09_DECISIONS.md §4 krok 3; brak zmapowanego tagu i wzorca tytulu)
0764Safadi.ShucurBiCur.Shamela0006939-ara1,0764Safadi.ShucurBiCur,0764Safadi,other,other,biography,standard,residual other (09_DECISIONS.md §4 krok 3; brak zmapowanego tagu i wzorca tytulu)
0764Safadi.TawshicTawshih.Shamela0005409-ara1,0764Safadi.TawshicTawshih,0764Safadi,other,other,biography,standard,residual other (09_DECISIONS.md §4 krok 3; brak zmapowanego tagu i wzorca tytulu)
0771TajDinSubki.MucidNicam.Sham19Y0016728-ara1,0771TajDinSubki.MucidNicam,0771TajDinSubki,other,other,history,standard,residual other (09_DECISIONS.md §4 krok 3; brak zmapowanego tagu i wzorca tytulu)
0774IbnKathir.IjtihadFiTalabJihad.ShamAY0036178-ara1,0774IbnKathir.IjtihadFiTalabJihad,0774IbnKathir,other,other,history,standard,residual other (09_DECISIONS.md §4 krok 3; brak zmapowanego tagu i wzorca tytulu)
0774IbnKathir.MucjizatNabi.Rafed0003489-ara1,0774IbnKathir.MucjizatNabi,0774IbnKathir,other,other,history,standard,residual other (09_DECISIONS.md §4 krok 3; brak zmapowanego tagu i wzorca tytulu)
0774IbnKathir.ShucabIman.ShamAY0034307-ara1,0774IbnKathir.ShucabIman,0774IbnKathir,other,other,history,standard,residual other (09_DECISIONS.md §4 krok 3; brak zmapowanego tagu i wzorca tytulu)
0774IbnKathir.TalkhisIstighatha.JK000383BK1-ara1,0774IbnKathir.TalkhisIstighatha,0774IbnKathir,other,other,history,standard,residual other (09_DECISIONS.md §4 krok 3; brak zmapowanego tagu i wzorca tytulu)
0775IbnAbiWafa.Juz.ShamAY0032773-ara1,0775IbnAbiWafa.Juz,0775IbnAbiWafa,other,other,biography,standard,residual other (09_DECISIONS.md §4 krok 3; brak zmapowanego tagu i wzorca tytulu)
0804IbnMulaqqin.CujalatMuhtaj.Sham19Y0020561-ara1,0804IbnMulaqqin.CujalatMuhtaj,0804IbnMulaqqin,other,other,hadith_collection,standard,residual other (09_DECISIONS.md §4 krok 3; brak zmapowanego tagu i wzorca tytulu)
0804IbnMulaqqin.IclamBiFawaid.Sham19Y0013769-ara1,0804IbnMulaqqin.IclamBiFawaid,0804IbnMulaqqin,other,other,hadith_collection,standard,residual other (09_DECISIONS.md §4 krok 3; brak zmapowanego tagu i wzorca tytulu)
0804IbnMulaqqin.Mucin.Sham19Y0017745-ara1,0804IbnMulaqqin.Mucin,0804IbnMulaqqin,other,other,hadith_collection,standard,residual other (09_DECISIONS.md §4 krok 3; brak zmapowanego tagu i wzorca tytulu)
0808IbnKhaldun.ShifaSail.Kraken21040202-ara1,0808IbnKhaldun.ShifaSail,0808IbnKhaldun,other,other,history,standard,residual other (09_DECISIONS.md §4 krok 3; brak zmapowanego tagu i wzorca tytulu)
0808MuhammadDamiri.NajmWahhaj.Sham19Y0013783-ara1,0808MuhammadDamiri.NajmWahhaj,0808MuhammadDamiri,other,other,other,standard,residual other (09_DECISIONS.md §4 krok 3; brak zmapowanego tagu i wzorca tytulu)
0808MuhammadDamiri.SharhLamiyyatCajam.Shamela0095860-ara1,0808MuhammadDamiri.SharhLamiyyatCajam,0808MuhammadDamiri,other,other,other,standard,residual other (09_DECISIONS.md §4 krok 3; brak zmapowanego tagu i wzorca tytulu)
0842IbnNasirDinDimashqi.AsanidKutubSitta.ShamAY0033543-ara1,0842IbnNasirDinDimashqi.AsanidKutubSitta,0842IbnNasirDinDimashqi,other,other,other,standard,residual other (09_DECISIONS.md §4 krok 3; brak zmapowanego tagu i wzorca tytulu)
0842IbnNasirDinDimashqi.BardAkbad.ShamAY0034300-ara1,0842IbnNasirDinDimashqi.BardAkbad,0842IbnNasirDinDimashqi,other,other,other,standard,residual other (09_DECISIONS.md §4 krok 3; brak zmapowanego tagu i wzorca tytulu)
0842IbnNasirDinDimashqi.Intisar.ShamAY0033553-ara1,0842IbnNasirDinDimashqi.Intisar,0842IbnNasirDinDimashqi,other,other,other,standard,residual other (09_DECISIONS.md §4 krok 3; brak zmapowanego tagu i wzorca tytulu)
0842IbnNasirDinDimashqi.Ithaf.ShamAY0033546-ara1,0842IbnNasirDinDimashqi.Ithaf,0842IbnNasirDinDimashqi,other,other,other,standard,residual other (09_DECISIONS.md §4 krok 3; brak zmapowanego tagu i wzorca tytulu)
0842IbnNasirDinDimashqi.JamicAthar.ShamAY0034447-ara1,0842IbnNasirDinDimashqi.JamicAthar,0842IbnNasirDinDimashqi,other,other,other,standard,residual other (09_DECISIONS.md §4 krok 3; brak zmapowanego tagu i wzorca tytulu)
0842IbnNasirDinDimashqi.LafzMukarram.ShamAY0035238-ara1,0842IbnNasirDinDimashqi.LafzMukarram,0842IbnNasirDinDimashqi,other,other,other,standard,residual other (09_DECISIONS.md §4 krok 3; brak zmapowanego tagu i wzorca tytulu)
0842IbnNasirDinDimashqi.MajlisFiFadlYawmCarafa.ShamAY0033589-ara1,0842IbnNasirDinDimashqi.MajlisFiFadlYawmCarafa,0842IbnNasirDinDimashqi,other,other,other,standard,residual other (09_DECISIONS.md §4 krok 3; brak zmapowanego tagu i wzorca tytulu)
0842IbnNasirDinDimashqi.NukatAthariyya.ShamAY0033566-ara1,0842IbnNasirDinDimashqi.NukatAthariyya,0842IbnNasirDinDimashqi,other,other,other,standard,residual other (09_DECISIONS.md §4 krok 3; brak zmapowanego tagu i wzorca tytulu)
0842IbnNasirDinDimashqi.Tanqih.ShamAY0033559-ara1,0842IbnNasirDinDimashqi.Tanqih,0842IbnNasirDinDimashqi,other,other,other,standard,residual other (09_DECISIONS.md §4 krok 3; brak zmapowanego tagu i wzorca tytulu)
0842IbnNasirDinDimashqi.Tarjih.ShamAY0033557-ara1,0842IbnNasirDinDimashqi.Tarjih,0842IbnNasirDinDimashqi,other,other,other,standard,residual other (09_DECISIONS.md §4 krok 3; brak zmapowanego tagu i wzorca tytulu)
0845Maqrizi.AwzanWaAkyal.MMS00009-ara1,0845Maqrizi.AwzanWaAkyal,0845Maqrizi,other,other,other,standard,residual other (09_DECISIONS.md §4 krok 3; brak zmapowanego tagu i wzorca tytulu)
0845Maqrizi.DhahabMasbuk.MMS00010-ara1,0845Maqrizi.DhahabMasbuk,0845Maqrizi,other,other,other,standard,residual other (09_DECISIONS.md §4 krok 3; brak zmapowanego tagu i wzorca tytulu)
0845Maqrizi.DurarCuqud.MMS00011-ara1,0845Maqrizi.DurarCuqud,0845Maqrizi,other,other,other,standard,residual other (09_DECISIONS.md §4 krok 3; brak zmapowanego tagu i wzorca tytulu)
0845Maqrizi.ImtacAsmac.Shamela0001524-ara1,0845Maqrizi.ImtacAsmac,0845Maqrizi,other,other,other,standard,residual other (09_DECISIONS.md §4 krok 3; brak zmapowanego tagu i wzorca tytulu)
0845Maqrizi.Mawaciz.Shamela0011566-ara1,0845Maqrizi.Mawaciz,0845Maqrizi,other,other,other,standard,residual other (09_DECISIONS.md §4 krok 3; brak zmapowanego tagu i wzorca tytulu)
0845Maqrizi.ShudhurCuqud.MMS00014-ara1,0845Maqrizi.ShudhurCuqud,0845Maqrizi,other,other,other,standard,residual other (09_DECISIONS.md §4 krok 3; brak zmapowanego tagu i wzorca tytulu)
0852IbnHajarCasqalani.AhadithCashara.ShamAY0033613-ara1,0852IbnHajarCasqalani.AhadithCashara,0852IbnHajarCasqalani,other,other,hadith_collection,standard,residual other (09_DECISIONS.md §4 krok 3; brak zmapowanego tagu i wzorca tytulu)
0852IbnHajarCasqalani.AsilaFaiqa.ShamAY0034286-ara1,0852IbnHajarCasqalani.AsilaFaiqa,0852IbnHajarCasqalani,other,other,hadith_collection,standard,residual other (09_DECISIONS.md §4 krok 3; brak zmapowanego tagu i wzorca tytulu)
0852IbnHajarCasqalani.Badhl.MMS00016-ara1,0852IbnHajarCasqalani.Badhl,0852IbnHajarCasqalani,other,other,hadith_collection,standard,residual other (09_DECISIONS.md §4 krok 3; brak zmapowanego tagu i wzorca tytulu)
0852IbnHajarCasqalani.BastMabthuth.ShamAY0034290-ara1,0852IbnHajarCasqalani.BastMabthuth,0852IbnHajarCasqalani,other,other,hadith_collection,standard,residual other (09_DECISIONS.md §4 krok 3; brak zmapowanego tagu i wzorca tytulu)
0852IbnHajarCasqalani.DhaylDurar.MMS00017-ara1,0852IbnHajarCasqalani.DhaylDurar,0852IbnHajarCasqalani,other,other,hadith_collection,standard,residual other (09_DECISIONS.md §4 krok 3; brak zmapowanego tagu i wzorca tytulu)
0852IbnHajarCasqalani.DurarKamina.Shamela0006674-ara1,0852IbnHajarCasqalani.DurarKamina,0852IbnHajarCasqalani,other,other,hadith_collection,standard,residual other (09_DECISIONS.md §4 krok 3; brak zmapowanego tagu i wzorca tytulu)
0852IbnHajarCasqalani.FatwaFiWaqfMujawir.ShamAY0034309-ara1,0852IbnHajarCasqalani.FatwaFiWaqfMujawir,0852IbnHajarCasqalani,other,other,hadith_collection,standard,residual other (09_DECISIONS.md §4 krok 3; brak zmapowanego tagu i wzorca tytulu)
0852IbnHajarCasqalani.IntiqadIctirad.Sham19Y0013771-ara1,0852IbnHajarCasqalani.IntiqadIctirad,0852IbnHajarCasqalani,other,other,hadith_collection,standard,residual other (09_DECISIONS.md §4 krok 3; brak zmapowanego tagu i wzorca tytulu)
0852IbnHajarCasqalani.IsabaFiTamyiz.JK000533-ara1,0852IbnHajarCasqalani.IsabaFiTamyiz,0852IbnHajarCasqalani,other,other,hadith_collection,standard,residual other (09_DECISIONS.md §4 krok 3; brak zmapowanego tagu i wzorca tytulu)
0852IbnHajarCasqalani.JawabJalil.ShamAY0034291-ara1,0852IbnHajarCasqalani.JawabJalil,0852IbnHajarCasqalani,other,other,hadith_collection,standard,residual other (09_DECISIONS.md §4 krok 3; brak zmapowanego tagu i wzorca tytulu)
0852IbnHajarCasqalani.JuzFiTahniaFiAcyad.ShamAY0034301-ara1,0852IbnHajarCasqalani.JuzFiTahniaFiAcyad,0852IbnHajarCasqalani,other,other,hadith_collection,standard,residual other (09_DECISIONS.md §4 krok 3; brak zmapowanego tagu i wzorca tytulu)
0852IbnHajarCasqalani.JuzFihiCasharatAhadith.ShamAY0033575-ara1,0852IbnHajarCasqalani.JuzFihiCasharatAhadith,0852IbnHajarCasqalani,other,other,hadith_collection,standard,residual other (09_DECISIONS.md §4 krok 3; brak zmapowanego tagu i wzorca tytulu)
0852IbnHajarCasqalani.KashfSitr.ShamAY0034313-ara1,0852IbnHajarCasqalani.KashfSitr,0852IbnHajarCasqalani,other,other,hadith_collection,standard,residual other (09_DECISIONS.md §4 krok 3; brak zmapowanego tagu i wzorca tytulu)
0852IbnHajarCasqalani.KhisalMukaffira.ShamAY0034819-ara1,0852IbnHajarCasqalani.KhisalMukaffira,0852IbnHajarCasqalani,other,other,hadith_collection,standard,residual other (09_DECISIONS.md §4 krok 3; brak zmapowanego tagu i wzorca tytulu)
0852IbnHajarCasqalani.LadhdhatCaysh.ShamAY0033678-ara1,0852IbnHajarCasqalani.LadhdhatCaysh,0852IbnHajarCasqalani,other,other,hadith_collection,standard,residual other (09_DECISIONS.md §4 krok 3; brak zmapowanego tagu i wzorca tytulu)
0852IbnHajarCasqalani.LamhaLatifa.ShamAY0034329-ara1,0852IbnHajarCasqalani.LamhaLatifa,0852IbnHajarCasqalani,other,other,hadith_collection,standard,residual other (09_DECISIONS.md §4 krok 3; brak zmapowanego tagu i wzorca tytulu)
0852IbnHajarCasqalani.MajmacMuassis.Sham19Y0020861-ara1,0852IbnHajarCasqalani.MajmacMuassis,0852IbnHajarCasqalani,other,other,hadith_collection,standard,residual other (09_DECISIONS.md §4 krok 3; brak zmapowanego tagu i wzorca tytulu)
0852IbnHajarCasqalani.MashyakhaBasima.ShamAY0033565-ara1,0852IbnHajarCasqalani.MashyakhaBasima,0852IbnHajarCasqalani,other,other,hadith_collection,standard,residual other (09_DECISIONS.md §4 krok 3; brak zmapowanego tagu i wzorca tytulu)
0852IbnHajarCasqalani.MucjamShaykhaMaryam.Shamela0030267Vols-ara1,0852IbnHajarCasqalani.MucjamShaykhaMaryam,0852IbnHajarCasqalani,other,other,hadith_collection,standard,residual other (09_DECISIONS.md §4 krok 3; brak zmapowanego tagu i wzorca tytulu)
0852IbnHajarCasqalani.MuwafaqatKhubrKhabar.Sham19Y0018611-ara1,0852IbnHajarCasqalani.MuwafaqatKhubrKhabar,0852IbnHajarCasqalani,other,other,hadith_collection,standard,residual other (09_DECISIONS.md §4 krok 3; brak zmapowanego tagu i wzorca tytulu)
0852IbnHajarCasqalani.NataijAfkar.ShamAY0034134-ara1,0852IbnHajarCasqalani.NataijAfkar,0852IbnHajarCasqalani,other,other,hadith_collection,standard,residual other (09_DECISIONS.md §4 krok 3; brak zmapowanego tagu i wzorca tytulu)
0852IbnHajarCasqalani.NuzhatNazirWaSamic.ShamAY0033648-ara1,0852IbnHajarCasqalani.NuzhatNazirWaSamic,0852IbnHajarCasqalani,other,other,hadith_collection,standard,residual other (09_DECISIONS.md §4 krok 3; brak zmapowanego tagu i wzorca tytulu)
0852IbnHajarCasqalani.QuwwatHijaj.ShamAY0034311-ara1,0852IbnHajarCasqalani.QuwwatHijaj,0852IbnHajarCasqalani,other,other,hadith_collection,standard,residual other (09_DECISIONS.md §4 krok 3; brak zmapowanego tagu i wzorca tytulu)
0852IbnHajarCasqalani.RisalatTadhakkurAthar.Shia004510-ara1,0852IbnHajarCasqalani.RisalatTadhakkurAthar,0852IbnHajarCasqalani,other,other,hadith_collection,standard,residual other (09_DECISIONS.md §4 krok 3; brak zmapowanego tagu i wzorca tytulu)
0852IbnHajarCasqalani.TabyinCajab.ShamAY0035247-ara1,0852IbnHajarCasqalani.TabyinCajab,0852IbnHajarCasqalani,other,other,hadith_collection,standard,residual other (09_DECISIONS.md §4 krok 3; brak zmapowanego tagu i wzorca tytulu)
0852IbnHajarCasqalani.TacrifAhlTaqdis.Shia003340BK1-ara1,0852IbnHajarCasqalani.TacrifAhlTaqdis,0852IbnHajarCasqalani,other,other,hadith_collection,standard,residual other (09_DECISIONS.md §4 krok 3; brak zmapowanego tagu i wzorca tytulu)
0852IbnHajarCasqalani.TakhrijAdhkar.ShamAY0033066-ara1,0852IbnHajarCasqalani.TakhrijAdhkar,0852IbnHajarCasqalani,other,other,hadith_collection,standard,residual other (09_DECISIONS.md §4 krok 3; brak zmapowanego tagu i wzorca tytulu)
0852IbnHajarCasqalani.TawaliTanis.ShamAY0033633-ara1,0852IbnHajarCasqalani.TawaliTanis,0852IbnHajarCasqalani,other,other,hadith_collection,standard,residual other (09_DECISIONS.md §4 krok 3; brak zmapowanego tagu i wzorca tytulu)
0855BadrDinCayni.MaqasidNahwiyya.Sham19Y0016714-ara1,0855BadrDinCayni.MaqasidNahwiyya,0855BadrDinCayni,other,other,hadith_collection,standard,residual other (09_DECISIONS.md §4 krok 3; brak zmapowanego tagu i wzorca tytulu)
0855BadrDinCayni.MinhatSuluk.Sham19Y0013784-ara1,0855BadrDinCayni.MinhatSuluk,0855BadrDinCayni,other,other,hadith_collection,standard,residual other (09_DECISIONS.md §4 krok 3; brak zmapowanego tagu i wzorca tytulu)
0855BadrDinCayni.RawdZahir.MMS00023-ara1,0855BadrDinCayni.RawdZahir,0855BadrDinCayni,other,other,hadith_collection,standard,residual other (09_DECISIONS.md §4 krok 3; brak zmapowanego tagu i wzorca tytulu)
0855BadrDinCayni.SayfMuhannad.MMS00024-ara1,0855BadrDinCayni.SayfMuhannad,0855BadrDinCayni,other,other,hadith_collection,standard,residual other (09_DECISIONS.md §4 krok 3; brak zmapowanego tagu i wzorca tytulu)
0874IbnTaghribirdi.ManhalSafi.Shamela0023156-ara1,0874IbnTaghribirdi.ManhalSafi,0874IbnTaghribirdi,other,other,other,standard,residual other (09_DECISIONS.md §4 krok 3; brak zmapowanego tagu i wzorca tytulu)
0874IbnTaghribirdi.NujumZahira.JK001330-ara1,0874IbnTaghribirdi.NujumZahira,0874IbnTaghribirdi,other,other,other,standard,residual other (09_DECISIONS.md §4 krok 3; brak zmapowanego tagu i wzorca tytulu)
0879IbnQutlubugha.GharibQuran.ShamAY0036822-ara1,0879IbnQutlubugha.GharibQuran,0879IbnQutlubugha,other,other,biography,standard,residual other (09_DECISIONS.md §4 krok 3; brak zmapowanego tagu i wzorca tytulu)
0879IbnQutlubugha.KhulasatAfkar.Sham19Y0124365-ara1,0879IbnQutlubugha.KhulasatAfkar,0879IbnQutlubugha,other,other,biography,standard,residual other (09_DECISIONS.md §4 krok 3; brak zmapowanego tagu i wzorca tytulu)
0879IbnQutlubugha.TakhrijAhadith.ShamAY0033075-ara1,0879IbnQutlubugha.TakhrijAhadith,0879IbnQutlubugha,other,other,biography,standard,residual other (09_DECISIONS.md §4 krok 3; brak zmapowanego tagu i wzorca tytulu)
0885BurhanDinBiqaci.CunwanZaman.MMS00030-ara1,0885BurhanDinBiqaci.CunwanZaman,0885BurhanDinBiqaci,other,other,other,standard,residual other (09_DECISIONS.md §4 krok 3; brak zmapowanego tagu i wzorca tytulu)
0885BurhanDinBiqaci.IzharCasr.MMS00031-ara1,0885BurhanDinBiqaci.IzharCasr,0885BurhanDinBiqaci,other,other,other,standard,residual other (09_DECISIONS.md §4 krok 3; brak zmapowanego tagu i wzorca tytulu)
0885BurhanDinBiqaci.MasacidNazar.Shamela0001404-ara1,0885BurhanDinBiqaci.MasacidNazar,0885BurhanDinBiqaci,other,other,other,standard,residual other (09_DECISIONS.md §4 krok 3; brak zmapowanego tagu i wzorca tytulu)
0885BurhanDinBiqaci.NazmDurar.JK009270-ara1,0885BurhanDinBiqaci.NazmDurar,0885BurhanDinBiqaci,other,other,other,standard,residual other (09_DECISIONS.md §4 krok 3; brak zmapowanego tagu i wzorca tytulu)
0893IbnIsmacilShihabDinKurani.DurarLawamic.Sham19Y0132415-ara1,0893IbnIsmacilShihabDinKurani.DurarLawamic,0893IbnIsmacilShihabDinKurani,other,other,other,standard,residual other (09_DECISIONS.md §4 krok 3; brak zmapowanego tagu i wzorca tytulu)
0893IbnIsmacilShihabDinKurani.KawtharJari.Sham19Y0016584-ara1,0893IbnIsmacilShihabDinKurani.KawtharJari,0893IbnIsmacilShihabDinKurani,other,other,other,standard,residual other (09_DECISIONS.md §4 krok 3; brak zmapowanego tagu i wzorca tytulu)
0231AbuNasrBahili.SharhDiwanDhiRumma.Sham19Y0016545-ara1,0231AbuNasrBahili.SharhDiwanDhiRumma,0231AbuNasrBahili,poetry_diwan,title,poetry_diwan,single_work_exception,fallback tytulowy → poetry_diwan (09_DECISIONS.md §4 krok 2)
0370AbuQasimAmidi.Muwazana.Sham19Y0026183-ara1,0370AbuQasimAmidi.Muwazana,0370AbuQasimAmidi,poetry_diwan,tag:_SHICR,poetry_diwan,standard,"tag OpenITI _SHICR → poetry_diwan (data/reference/openiti_tag_genre_map.csv, 09_DECISIONS.md §4 krok 1)"
0380Khalidiyyan.AshbahWaNazair.JK010747-ara1,0380Khalidiyyan.AshbahWaNazair,0380Khalidiyyan,poetry_diwan,tag:_SHICR,poetry_diwan,standard,"tag OpenITI _SHICR → poetry_diwan (data/reference/openiti_tag_genre_map.csv, 09_DECISIONS.md §4 krok 1)"
0421IbnMuhammadMarzuqi.SharhDiwanHamasa.Shamela0026536-ara1,0421IbnMuhammadMarzuqi.SharhDiwanHamasa,0421IbnMuhammadMarzuqi,poetry_diwan,tag:_SHICR,poetry_diwan,standard,"tag OpenITI _SHICR → poetry_diwan (data/reference/openiti_tag_genre_map.csv, 09_DECISIONS.md §4 krok 1)"
0428IbnSina.ShifaShicr.GRAR000034-ara1,0428IbnSina.ShifaShicr,0428IbnSina,poetry_diwan,title,other,standard,fallback tytulowy → poetry_diwan (09_DECISIONS.md §4 krok 2)
0458IbnSidaMursi.SharhMushkil.JK010775-ara1,0458IbnSidaMursi.SharhMushkil,0458IbnSidaMursi,poetry_diwan,tag:_SHICR,fiqh,standard,"tag OpenITI _SHICR → poetry_diwan (data/reference/openiti_tag_genre_map.csv, 09_DECISIONS.md §4 krok 1)"
0463IbnRashiqQayrawani.CumdaFiMahasinShicr.JK010637-ara1,0463IbnRashiqQayrawani.CumdaFiMahasinShicr,0463IbnRashiqQayrawani,poetry_diwan,tag:_SHICR,poetry_diwan,single_work_exception,"tag OpenITI _SHICR → poetry_diwan (data/reference/openiti_tag_genre_map.csv, 09_DECISIONS.md §4 krok 1)"
0467IbnHasanBakharzi.DumyatQasr.Shamela0010665-ara1,0467IbnHasanBakharzi.DumyatQasr,0467IbnHasanBakharzi,poetry_diwan,tag:_SHICR,poetry_diwan,single_work_exception,"tag OpenITI _SHICR → poetry_diwan (data/reference/openiti_tag_genre_map.csv, 09_DECISIONS.md §4 krok 1)"
0468IbnAhmadWahidiNaysaburi.SharhDiwanMutanabbi.JK010754-ara1,0468IbnAhmadWahidiNaysaburi.SharhDiwanMutanabbi,0468IbnAhmadWahidiNaysaburi,poetry_diwan,tag:_SHICR,poetry_diwan,standard,"tag OpenITI _SHICR → poetry_diwan (data/reference/openiti_tag_genre_map.csv, 09_DECISIONS.md §4 krok 1)"
0486AbuAsbaghGharnati.DiwanAhkamKubra.Sham19Y0014593-ara1,0486AbuAsbaghGharnati.DiwanAhkamKubra,0486AbuAsbaghGharnati,poetry_diwan,title,poetry_diwan,single_work_exception,fallback tytulowy → poetry_diwan (09_DECISIONS.md §4 krok 2)
0521IbnMuhammadBatalyawsi.HulalFiSharh.JK009366-ara1,0521IbnMuhammadBatalyawsi.HulalFiSharh,0521IbnMuhammadBatalyawsi,poetry_diwan,tag:_SHICR,adab_prose,standard,"tag OpenITI _SHICR → poetry_diwan (data/reference/openiti_tag_genre_map.csv, 09_DECISIONS.md §4 krok 1)"
0542IbnCaliDiyaDinIbnShajari.MukhtaratShucara.Shamela0000740-ara1,0542IbnCaliDiyaDinIbnShajari.MukhtaratShucara,0542IbnCaliDiyaDinIbnShajari,poetry_diwan,title,adab_prose,standard,fallback tytulowy → poetry_diwan (09_DECISIONS.md §4 krok 2)
0584IbnMunqidhShayzari.BadicFiNaqdShicr.JK010749-ara1,0584IbnMunqidhShayzari.BadicFiNaqdShicr,0584IbnMunqidhShayzari,poetry_diwan,title,adab_prose,standard,fallback tytulowy → poetry_diwan (09_DECISIONS.md §4 krok 2)
0597IbnMubarakBaghdadi.MuntahaTalab.JK010732-ara1,0597IbnMubarakBaghdadi.MuntahaTalab,0597IbnMubarakBaghdadi,poetry_diwan,tag:_SHICR,poetry_diwan,single_work_exception,"tag OpenITI _SHICR → poetry_diwan (data/reference/openiti_tag_genre_map.csv, 09_DECISIONS.md §4 krok 1)"
0616MuhibbDinCukbari.SharhDiwanMutanabbi.JK006914-ara1,0616MuhibbDinCukbari.SharhDiwanMutanabbi,0616MuhibbDinCukbari,poetry_diwan,tag:_SHICR,poetry_diwan,standard,"tag OpenITI _SHICR → poetry_diwan (data/reference/openiti_tag_genre_map.csv, 09_DECISIONS.md §4 krok 1)"
0644IbnCaliCizzDinMuhallabi.MaakhidhCalaShurrah.Shamela0037057-ara1,0644IbnCaliCizzDinMuhallabi.MaakhidhCalaShurrah,0644IbnCaliCizzDinMuhallabi,poetry_diwan,title,poetry_diwan,single_work_exception,fallback tytulowy → poetry_diwan (09_DECISIONS.md §4 krok 2)
0654IbnShaccarMawsili.Qalaid.Sham19Y0020990-ara1,0654IbnShaccarMawsili.Qalaid,0654IbnShaccarMawsili,poetry_diwan,title,poetry_diwan,single_work_exception,fallback tytulowy → poetry_diwan (09_DECISIONS.md §4 krok 2)
0852IbnHajarCasqalani.Diwan.MMS00018-ara1,0852IbnHajarCasqalani.Diwan,0852IbnHajarCasqalani,poetry_diwan,title,hadith_collection,standard,fallback tytulowy → poetry_diwan (09_DECISIONS.md §4 krok 2)
0388AbuSulaymanKhattabi.ShanDuca.Shamela0095700-ara1,0388AbuSulaymanKhattabi.ShanDuca,0388AbuSulaymanKhattabi,prayer_sermon,title,hadith_collection,standard,fallback tytulowy → prayer_sermon (09_DECISIONS.md §4 krok 2)
0842IbnNasirDinDimashqi.RaddRafcYadayn.ShamAY0034292-ara1,0842IbnNasirDinDimashqi.RaddRafcYadayn,0842IbnNasirDinDimashqi,prayer_sermon,title,other,standard,fallback tytulowy → prayer_sermon (09_DECISIONS.md §4 krok 2)
0333AbuMansurMaturidi.Tafsir.Tafsir02094-ara1,0333AbuMansurMaturidi.Tafsir,0333AbuMansurMaturidi,tafsir,tag:_TAFSIR,tafsir,standard,"tag OpenITI _TAFSIR → tafsir (data/reference/openiti_tag_genre_map.csv, 09_DECISIONS.md §4 krok 1)"
0360Tabarani.TafsirKabir.Tafsir02091-ara1,0360Tabarani.TafsirKabir,0360Tabarani,tafsir,title,tafsir,standard,fallback tytulowy → tafsir (09_DECISIONS.md §4 krok 2)
0370IbnCaliJassas.AhkamQuran.JK000871-ara1,0370IbnCaliJassas.AhkamQuran,0370IbnCaliJassas,tafsir,tag:_TAFSIR,other,standard,"tag OpenITI _TAFSIR → tafsir (data/reference/openiti_tag_genre_map.csv, 09_DECISIONS.md §4 krok 1)"
0427AbuIshaqThaclabi.KashfWaBayan.Shamela0023578-ara1,0427AbuIshaqThaclabi.KashfWaBayan,0427AbuIshaqThaclabi,tafsir,tag:_TAFSIR,tafsir,standard,"tag OpenITI _TAFSIR → tafsir (data/reference/openiti_tag_genre_map.csv, 09_DECISIONS.md §4 krok 1)"
0437MakkiIbnHammushQaysi.Hidaya.Shamela0022593-ara1,0437MakkiIbnHammushQaysi.Hidaya,0437MakkiIbnHammushQaysi,tafsir,title,tafsir,standard,fallback tytulowy → tafsir (09_DECISIONS.md §4 krok 2)
0456IbnHazm.TafsirAlfazFiUsul.JK009347-ara1,0456IbnHazm.TafsirAlfazFiUsul,0456IbnHazm,tafsir,title,hadith_collection,standard,fallback tytulowy → tafsir (09_DECISIONS.md §4 krok 2)
0465IbnHawazinQushayri.LataifIsharat.JK009257-ara1,0465IbnHawazinQushayri.LataifIsharat,0465IbnHawazinQushayri,tafsir,tag:_TAFSIR,tafsir,standard,"tag OpenITI _TAFSIR → tafsir (data/reference/openiti_tag_genre_map.csv, 09_DECISIONS.md §4 krok 1)"
0468IbnAhmadWahidiNaysaburi.AsbabNuzul.Shamela0011314-ara1,0468IbnAhmadWahidiNaysaburi.AsbabNuzul,0468IbnAhmadWahidiNaysaburi,tafsir,tag:_TAFSIR,poetry_diwan,standard,"tag OpenITI _TAFSIR → tafsir (data/reference/openiti_tag_genre_map.csv, 09_DECISIONS.md §4 krok 1)"
0494HakimJushami.TahdhibFiTafsir.Meshkat0014420-ara1,0494HakimJushami.TahdhibFiTafsir,0494HakimJushami,tafsir,title,tafsir,standard,fallback tytulowy → tafsir (09_DECISIONS.md §4 krok 2)
0510IbnMascudBaghawi.Tafsir.Shamela0000041-ara1,0510IbnMascudBaghawi.Tafsir,0510IbnMascudBaghawi,tafsir,tag:_TAFSIR,tafsir,standard,"tag OpenITI _TAFSIR → tafsir (data/reference/openiti_tag_genre_map.csv, 09_DECISIONS.md §4 krok 1)"
0537NajmDinAbuHafsNasafi.TaysirFiTafsir.Meshkat00057178-ara1,0537NajmDinAbuHafsNasafi.TaysirFiTafsir,0537NajmDinAbuHafsNasafi,tafsir,title,tafsir,standard,fallback tytulowy → tafsir (09_DECISIONS.md §4 krok 2)
0548IbnHasanTabarsi.TafsirJawamicJamic.Shia002356Vols-ara1,0548IbnHasanTabarsi.TafsirJawamicJamic,0548IbnHasanTabarsi,tafsir,tag:_TAFSIR,tafsir,standard,"tag OpenITI _TAFSIR → tafsir (data/reference/openiti_tag_genre_map.csv, 09_DECISIONS.md §4 krok 1)"
0548IbnHasanTabarsi.TafsirMajmacBayan.Tafsir04003-ara1,0548IbnHasanTabarsi.TafsirMajmacBayan,0548IbnHasanTabarsi,tafsir,title,tafsir,standard,fallback tytulowy → tafsir (09_DECISIONS.md §4 krok 2)
0606FakhrDinRazi.MafatihGhayb.JK006478-ara1,0606FakhrDinRazi.MafatihGhayb,0606FakhrDinRazi,tafsir,title,tafsir,standard,fallback tytulowy → tafsir (09_DECISIONS.md §4 krok 2)
0638IbnCarabi.Tafsir.Tafsir03033-ara1,0638IbnCarabi.Tafsir,0638IbnCarabi,tafsir,title,adab_prose,standard,fallback tytulowy → tafsir (09_DECISIONS.md §4 krok 2)
0676Nawawi.Tibyan.JK000125-ara1,0676Nawawi.Tibyan,0676Nawawi,tafsir,tag:_TAFSIR,fiqh,standard,"tag OpenITI _TAFSIR → tafsir (data/reference/openiti_tag_genre_map.csv, 09_DECISIONS.md §4 krok 1)"
0728IbnTaymiyya.DaqaiqTafsir.JK000378-ara1,0728IbnTaymiyya.DaqaiqTafsir,0728IbnTaymiyya,tafsir,tag:_TAFSIR,other,standard,"tag OpenITI _TAFSIR → tafsir (data/reference/openiti_tag_genre_map.csv, 09_DECISIONS.md §4 krok 1)"
0728IbnTaymiyya.MuqaddimaFiUsulTafsir.Shamela0012081-ara1,0728IbnTaymiyya.MuqaddimaFiUsulTafsir,0728IbnTaymiyya,tafsir,title,other,standard,fallback tytulowy → tafsir (09_DECISIONS.md §4 krok 2)
0745AbuHayyanGharnati.TafsirBahrMuhit.Shamela0023591-ara1,0745AbuHayyanGharnati.TafsirBahrMuhit,0745AbuHayyanGharnati,tafsir,tag:_TAFSIR,tafsir,standard,"tag OpenITI _TAFSIR → tafsir (data/reference/openiti_tag_genre_map.csv, 09_DECISIONS.md §4 krok 1)"
0745AbuHayyanGharnati.TafsirNahrMadd.Tafsir08090-ara1,0745AbuHayyanGharnati.TafsirNahrMadd,0745AbuHayyanGharnati,tafsir,title,tafsir,standard,fallback tytulowy → tafsir (09_DECISIONS.md §4 krok 2)
0751IbnQayyimJawziyya.AmthalFiQuran.JK000869-ara1,0751IbnQayyimJawziyya.AmthalFiQuran,0751IbnQayyimJawziyya,tafsir,tag:_TAFSIR,other,standard,"tag OpenITI _TAFSIR → tafsir (data/reference/openiti_tag_genre_map.csv, 09_DECISIONS.md §4 krok 1)"
0751IbnQayyimJawziyya.TafsirQuran.Shamela0023606-ara1,0751IbnQayyimJawziyya.TafsirQuran,0751IbnQayyimJawziyya,tafsir,tag:_TAFSIR,other,standard,"tag OpenITI _TAFSIR → tafsir (data/reference/openiti_tag_genre_map.csv, 09_DECISIONS.md §4 krok 1)"
0756IbnYusufSaminHalabi.CumdatHuffaz.Sham19Y0017829-ara1,0756IbnYusufSaminHalabi.CumdatHuffaz,0756IbnYusufSaminHalabi,tafsir,title,tafsir,standard,fallback tytulowy → tafsir (09_DECISIONS.md §4 krok 2)
0756IbnYusufSaminHalabi.DurrMasun.Tafsir02079-ara1,0756IbnYusufSaminHalabi.DurrMasun,0756IbnYusufSaminHalabi,tafsir,tag:_TAFSIR,tafsir,standard,"tag OpenITI _TAFSIR → tafsir (data/reference/openiti_tag_genre_map.csv, 09_DECISIONS.md §4 krok 1)"
0774IbnKathir.FadailQuran.JK009246-ara1,0774IbnKathir.FadailQuran,0774IbnKathir,tafsir,tag:_TAFSIR,history,standard,"tag OpenITI _TAFSIR → tafsir (data/reference/openiti_tag_genre_map.csv, 09_DECISIONS.md §4 krok 1)"
0774IbnKathir.TafsirQuran.Shamela0008473-ara1,0774IbnKathir.TafsirQuran,0774IbnKathir,tafsir,title,history,standard,fallback tytulowy → tafsir (09_DECISIONS.md §4 krok 2)
0842IbnNasirDinDimashqi.Majalis.ShamAY0033586-ara1,0842IbnNasirDinDimashqi.Majalis,0842IbnNasirDinDimashqi,tafsir,title,other,standard,fallback tytulowy → tafsir (09_DECISIONS.md §4 krok 2)
0893IbnIsmacilShihabDinKurani.GhayatAmani.Shamela0095562-ara1,0893IbnIsmacilShihabDinKurani.GhayatAmani,0893IbnIsmacilShihabDinKurani,tafsir,tag:_TAFSIR,other,standard,"tag OpenITI _TAFSIR → tafsir (data/reference/openiti_tag_genre_map.csv, 09_DECISIONS.md §4 krok 1)"
0230IbnSacd.TarjamatHasan.Shia003988-ara1,0230IbnSacd.TarjamatHasan,0230IbnSacd,theology,tag:_CAQAID,biography,standard,"tag OpenITI _CAQAID → theology (data/reference/openiti_tag_genre_map.csv, 09_DECISIONS.md §4 krok 1)"
0230IbnSacd.TarjamatHusayn.Shia003989-ara1,0230IbnSacd.TarjamatHusayn,0230IbnSacd,theology,tag:_CAQAID,biography,standard,"tag OpenITI _CAQAID → theology (data/reference/openiti_tag_genre_map.csv, 09_DECISIONS.md §4 krok 1)"
0309KuracNaml.Muntakhab.Sham19Y0014323-ara1,0309KuracNaml.Muntakhab,0309KuracNaml,theology,title,theology,standard,fallback tytulowy → theology (09_DECISIONS.md §4 krok 2)
0324Ashcari.MaqalatIslamiyyin.Shamela0037614-ara1,0324Ashcari.MaqalatIslamiyyin,0324Ashcari,theology,tag:_CAQAID,theology,standard,"tag OpenITI _CAQAID → theology (data/reference/openiti_tag_genre_map.csv, 09_DECISIONS.md §4 krok 1)"
0324Ashcari.RisalaIlaAhlThughr.JK001256-ara1,0324Ashcari.RisalaIlaAhlThughr,0324Ashcari,theology,tag:_CAQAID,theology,standard,"tag OpenITI _CAQAID → theology (data/reference/openiti_tag_genre_map.csv, 09_DECISIONS.md §4 krok 1)"
0333AbuMansurMaturidi.Tawhid.JK000339-ara1,0333AbuMansurMaturidi.Tawhid,0333AbuMansurMaturidi,theology,tag:_CAQAID,tafsir,standard,"tag OpenITI _CAQAID → theology (data/reference/openiti_tag_genre_map.csv, 09_DECISIONS.md §4 krok 1)"
0388AbuSulaymanKhattabi.GhunyaCanKalam.ShamAY0033606-ara1,0388AbuSulaymanKhattabi.GhunyaCanKalam,0388AbuSulaymanKhattabi,theology,tag:_CAQAID,hadith_collection,standard,"tag OpenITI _CAQAID → theology (data/reference/openiti_tag_genre_map.csv, 09_DECISIONS.md §4 krok 1)"
0456IbnHazm.FaslFiMacrifatNafs.JK009342-ara1,0456IbnHazm.FaslFiMacrifatNafs,0456IbnHazm,theology,tag:_CAQAID,hadith_collection,standard,"tag OpenITI _CAQAID → theology (data/reference/openiti_tag_genre_map.csv, 09_DECISIONS.md §4 krok 1)"
0456IbnHazm.FisalFiMilal.JK000343-ara1,0456IbnHazm.FisalFiMilal,0456IbnHazm,theology,tag:_CAQAID,hadith_collection,standard,"tag OpenITI _CAQAID → theology (data/reference/openiti_tag_genre_map.csv, 09_DECISIONS.md §4 krok 1)"
0456IbnHazm.RaddCalaKindi.JK009346-ara1,0456IbnHazm.RaddCalaKindi,0456IbnHazm,theology,tag:_CAQAID,hadith_collection,standard,"tag OpenITI _CAQAID → theology (data/reference/openiti_tag_genre_map.csv, 09_DECISIONS.md §4 krok 1)"
0456IbnHazm.RisalaFiAhlShaqa.JK009355-ara1,0456IbnHazm.RisalaFiAhlShaqa,0456IbnHazm,theology,tag:_CAQAID,hadith_collection,standard,"tag OpenITI _CAQAID → theology (data/reference/openiti_tag_genre_map.csv, 09_DECISIONS.md §4 krok 1)"
0456IbnHazm.RisalaFiAlamMawt.JK009351-ara1,0456IbnHazm.RisalaFiAlamMawt,0456IbnHazm,theology,tag:_CAQAID,hadith_collection,standard,"tag OpenITI _CAQAID → theology (data/reference/openiti_tag_genre_map.csv, 09_DECISIONS.md §4 krok 1)"
0456IbnHazm.RisalaFiImama.JK009352-ara1,0456IbnHazm.RisalaFiImama,0456IbnHazm,theology,tag:_CAQAID,hadith_collection,standard,"tag OpenITI _CAQAID → theology (data/reference/openiti_tag_genre_map.csv, 09_DECISIONS.md §4 krok 1)"
0456IbnHazm.RisalaFiRaddCalaIbnNaghrila.JK009353-ara1,0456IbnHazm.RisalaFiRaddCalaIbnNaghrila,0456IbnHazm,theology,tag:_CAQAID,hadith_collection,standard,"tag OpenITI _CAQAID → theology (data/reference/openiti_tag_genre_map.csv, 09_DECISIONS.md §4 krok 1)"
0456IbnHazm.RisalatBayan.JK009348-ara1,0456IbnHazm.RisalatBayan,0456IbnHazm,theology,tag:_CAQAID,hadith_collection,standard,"tag OpenITI _CAQAID → theology (data/reference/openiti_tag_genre_map.csv, 09_DECISIONS.md §4 krok 1)"
0456IbnHazm.RisalatTawqif.JK009350-ara1,0456IbnHazm.RisalatTawqif,0456IbnHazm,theology,tag:_CAQAID,hadith_collection,standard,"tag OpenITI _CAQAID → theology (data/reference/openiti_tag_genre_map.csv, 09_DECISIONS.md §4 krok 1)"
0456IbnHazm.TaqribLiHaddMantiq.JK009305-ara1,0456IbnHazm.TaqribLiHaddMantiq,0456IbnHazm,theology,tag:_CAQAID,hadith_collection,standard,"tag OpenITI _CAQAID → theology (data/reference/openiti_tag_genre_map.csv, 09_DECISIONS.md §4 krok 1)"
0478ImamHaramaynJuwayni.LamcAdilla.JK001133-ara1,0478ImamHaramaynJuwayni.LamcAdilla,0478ImamHaramaynJuwayni,theology,tag:_CAQAID,fiqh,standard,"tag OpenITI _CAQAID → theology (data/reference/openiti_tag_genre_map.csv, 09_DECISIONS.md §4 krok 1)"
0505Ghazali.Fadaih.JK000345-ara1,0505Ghazali.Fadaih,0505Ghazali,theology,tag:_CAQAID,adab_prose,standard,"tag OpenITI _CAQAID → theology (data/reference/openiti_tag_genre_map.csv, 09_DECISIONS.md §4 krok 1)"
0505Ghazali.MacarijQuds.JK000061-ara1,0505Ghazali.MacarijQuds,0505Ghazali,theology,tag:_CAQAID,adab_prose,standard,"tag OpenITI _CAQAID → theology (data/reference/openiti_tag_genre_map.csv, 09_DECISIONS.md §4 krok 1)"
0505Ghazali.MaqsadAsna.JK000036-ara1,0505Ghazali.MaqsadAsna,0505Ghazali,theology,tag:_CAQAID,adab_prose,standard,"tag OpenITI _CAQAID → theology (data/reference/openiti_tag_genre_map.csv, 09_DECISIONS.md §4 krok 1)"
0505Ghazali.QawacidCaqaid.JK000954-ara1,0505Ghazali.QawacidCaqaid,0505Ghazali,theology,tag:_CAQAID,adab_prose,standard,"tag OpenITI _CAQAID → theology (data/reference/openiti_tag_genre_map.csv, 09_DECISIONS.md §4 krok 1)"
0520IbnRushdJadd.RaddCalaManDhahaba.JK000338-ara1,0520IbnRushdJadd.RaddCalaManDhahaba,0520IbnRushdJadd,theology,tag:_CAQAID,fiqh,standard,"tag OpenITI _CAQAID → theology (data/reference/openiti_tag_genre_map.csv, 09_DECISIONS.md §4 krok 1)"
0521IbnMuhammadBatalyawsi.Hadaiq.JK001097-ara1,0521IbnMuhammadBatalyawsi.Hadaiq,0521IbnMuhammadBatalyawsi,theology,tag:_CAQAID,adab_prose,standard,"tag OpenITI _CAQAID → theology (data/reference/openiti_tag_genre_map.csv, 09_DECISIONS.md §4 krok 1)"
0548Shahrastani.MilalWaNihal.Shamela0011812-ara1,0548Shahrastani.MilalWaNihal,0548Shahrastani,theology,title,theology,standard,fallback tytulowy → theology (09_DECISIONS.md §4 krok 2)
0548Shahrastani.NihayatAqdam.JK009331-ara1,0548Shahrastani.NihayatAqdam,0548Shahrastani,theology,title,theology,standard,fallback tytulowy → theology (09_DECISIONS.md §4 krok 2)
0571IbnCasakir.TabyinKadhib.Shamela0006549-ara1,0571IbnCasakir.TabyinKadhib,0571IbnCasakir,theology,tag:_CAQAID,history,standard,"tag OpenITI _CAQAID → theology (data/reference/openiti_tag_genre_map.csv, 09_DECISIONS.md §4 krok 1)"
0597IbnJawzi.DafcShubahTashbih.JK001469-ara1,0597IbnJawzi.DafcShubahTashbih,0597IbnJawzi,theology,tag:_CAQAID,history,standard,"tag OpenITI _CAQAID → theology (data/reference/openiti_tag_genre_map.csv, 09_DECISIONS.md §4 krok 1)"
0597IbnJawzi.TalbisIblis.Shamela0011438-ara1,0597IbnJawzi.TalbisIblis,0597IbnJawzi,theology,tag:_CAQAID,history,standard,"tag OpenITI _CAQAID → theology (data/reference/openiti_tag_genre_map.csv, 09_DECISIONS.md §4 krok 1)"
0597IbnJawzi.ThibatCindaMamat.JK000841-ara1,0597IbnJawzi.ThibatCindaMamat,0597IbnJawzi,theology,tag:_CAQAID,history,standard,"tag OpenITI _CAQAID → theology (data/reference/openiti_tag_genre_map.csv, 09_DECISIONS.md §4 krok 1)"
0606FakhrDinRazi.AsasTaqdis.JK001259-ara1,0606FakhrDinRazi.AsasTaqdis,0606FakhrDinRazi,theology,tag:_CAQAID,tafsir,standard,"tag OpenITI _CAQAID → theology (data/reference/openiti_tag_genre_map.csv, 09_DECISIONS.md §4 krok 1)"
0606FakhrDinRazi.Ictiqadat.JK000346-ara1,0606FakhrDinRazi.Ictiqadat,0606FakhrDinRazi,theology,tag:_CAQAID,tafsir,standard,"tag OpenITI _CAQAID → theology (data/reference/openiti_tag_genre_map.csv, 09_DECISIONS.md §4 krok 1)"
0606FakhrDinRazi.MacalimUsulDin.JK001465-ara1,0606FakhrDinRazi.MacalimUsulDin,0606FakhrDinRazi,theology,tag:_CAQAID,tafsir,standard,"tag OpenITI _CAQAID → theology (data/reference/openiti_tag_genre_map.csv, 09_DECISIONS.md §4 krok 1)"
0620IbnQudamaMaqdisi.RisalaFiQuran.Shamela0011218-ara1,0620IbnQudamaMaqdisi.RisalaFiQuran,0620IbnQudamaMaqdisi,theology,tag:_CAQAID,fiqh,standard,"tag OpenITI _CAQAID → theology (data/reference/openiti_tag_genre_map.csv, 09_DECISIONS.md §4 krok 1)"
0620IbnQudamaMaqdisi.TahrimNazar.JK000941-ara1,0620IbnQudamaMaqdisi.TahrimNazar,0620IbnQudamaMaqdisi,theology,tag:_CAQAID,fiqh,standard,"tag OpenITI _CAQAID → theology (data/reference/openiti_tag_genre_map.csv, 09_DECISIONS.md §4 krok 1)"
0637IbnAthirDiyaDin.JamicKabir.Shamela0037475-ara1,0637IbnAthirDiyaDin.JamicKabir,0637IbnAthirDiyaDin,theology,title,adab_prose,standard,fallback tytulowy → theology (09_DECISIONS.md §4 krok 2)
0671AbuCabdAllahQurtubi.IclamBimaFiDinNasara.JK000333-ara1,0671AbuCabdAllahQurtubi.IclamBimaFiDinNasara,0671AbuCabdAllahQurtubi,theology,tag:_CAQAID,fiqh,standard,"tag OpenITI _CAQAID → theology (data/reference/openiti_tag_genre_map.csv, 09_DECISIONS.md §4 krok 1)"
0676Nawawi.Adhkar.JK001249-ara1,0676Nawawi.Adhkar,0676Nawawi,theology,title,fiqh,standard,fallback tytulowy → theology (09_DECISIONS.md §4 krok 2)
0676Nawawi.IctiqadSalafFiHuruf.Shamela0011137-ara1,0676Nawawi.IctiqadSalafFiHuruf,0676Nawawi,theology,tag:_CAQAID,fiqh,standard,"tag OpenITI _CAQAID → theology (data/reference/openiti_tag_genre_map.csv, 09_DECISIONS.md §4 krok 1)"
0699IbnMaythamBahrani.NajatFiQiyama.Shia004009-ara1,0699IbnMaythamBahrani.NajatFiQiyama,0699IbnMaythamBahrani,theology,tag:_CAQAID,theology,standard,"tag OpenITI _CAQAID → theology (data/reference/openiti_tag_genre_map.csv, 09_DECISIONS.md §4 krok 1)"
0699IbnMaythamBahrani.QawacidMaram.Shia004010-ara1,0699IbnMaythamBahrani.QawacidMaram,0699IbnMaythamBahrani,theology,tag:_CAQAID,theology,standard,"tag OpenITI _CAQAID → theology (data/reference/openiti_tag_genre_map.csv, 09_DECISIONS.md §4 krok 1)"
0726CallamaHilli.KashfMurad.Shia004016-ara1,0726CallamaHilli.KashfMurad,0726CallamaHilli,theology,tag:_CAQAID,fiqh,standard,"tag OpenITI _CAQAID → theology (data/reference/openiti_tag_genre_map.csv, 09_DECISIONS.md §4 krok 1)"
0728IbnTaymiyya.BayanTalbisJahmiyya.JK000382-ara1,0728IbnTaymiyya.BayanTalbisJahmiyya,0728IbnTaymiyya,theology,title,other,standard,fallback tytulowy → theology (09_DECISIONS.md §4 krok 2)
0728IbnTaymiyya.BughyatMurtad.JK000374-ara1,0728IbnTaymiyya.BughyatMurtad,0728IbnTaymiyya,theology,tag:_CAQAID,other,standard,"tag OpenITI _CAQAID → theology (data/reference/openiti_tag_genre_map.csv, 09_DECISIONS.md §4 krok 1)"
0728IbnTaymiyya.CaqidaWasitiyya.JK000359-ara1,0728IbnTaymiyya.CaqidaWasitiyya,0728IbnTaymiyya,theology,title,other,standard,fallback tytulowy → theology (09_DECISIONS.md §4 krok 2)
0728IbnTaymiyya.Iman.Sham19Y0020587-ara1,0728IbnTaymiyya.Iman,0728IbnTaymiyya,theology,tag:_CAQAID,other,standard,"tag OpenITI _CAQAID → theology (data/reference/openiti_tag_genre_map.csv, 09_DECISIONS.md §4 krok 1)"
0728IbnTaymiyya.JawabSahih.JK000330-ara1,0728IbnTaymiyya.JawabSahih,0728IbnTaymiyya,theology,tag:_CAQAID,other,standard,"tag OpenITI _CAQAID → theology (data/reference/openiti_tag_genre_map.csv, 09_DECISIONS.md §4 krok 1)"
0728IbnTaymiyya.MinhajSunna.JK000365-ara1,0728IbnTaymiyya.MinhajSunna,0728IbnTaymiyya,theology,tag:_CAQAID,other,standard,"tag OpenITI _CAQAID → theology (data/reference/openiti_tag_genre_map.csv, 09_DECISIONS.md §4 krok 1)"
0728IbnTaymiyya.QacidaJalila.JK000376-ara1,0728IbnTaymiyya.QacidaJalila,0728IbnTaymiyya,theology,tag:_CAQAID,other,standard,"tag OpenITI _CAQAID → theology (data/reference/openiti_tag_genre_map.csv, 09_DECISIONS.md §4 krok 1)"
0728IbnTaymiyya.RaddCalaAkhnai.JK000350-ara1,0728IbnTaymiyya.RaddCalaAkhnai,0728IbnTaymiyya,theology,tag:_CAQAID,other,standard,"tag OpenITI _CAQAID → theology (data/reference/openiti_tag_genre_map.csv, 09_DECISIONS.md §4 krok 1)"
0728IbnTaymiyya.RaddCalaMantiqiyyin.JK000371-ara1,0728IbnTaymiyya.RaddCalaMantiqiyyin,0728IbnTaymiyya,theology,tag:_CAQAID,other,standard,"tag OpenITI _CAQAID → theology (data/reference/openiti_tag_genre_map.csv, 09_DECISIONS.md §4 krok 1)"
0728IbnTaymiyya.RisalaFiTahqiqMasalatCilmAllah.JK000901-ara1,0728IbnTaymiyya.RisalaFiTahqiqMasalatCilmAllah,0728IbnTaymiyya,theology,tag:_CAQAID,other,standard,"tag OpenITI _CAQAID → theology (data/reference/openiti_tag_genre_map.csv, 09_DECISIONS.md §4 krok 1)"
0728IbnTaymiyya.Safadiyya.JK000368-ara1,0728IbnTaymiyya.Safadiyya,0728IbnTaymiyya,theology,tag:_CAQAID,other,standard,"tag OpenITI _CAQAID → theology (data/reference/openiti_tag_genre_map.csv, 09_DECISIONS.md §4 krok 1)"
0728IbnTaymiyya.SarimMaslul.JK000370-ara1,0728IbnTaymiyya.SarimMaslul,0728IbnTaymiyya,theology,tag:_CAQAID,other,standard,"tag OpenITI _CAQAID → theology (data/reference/openiti_tag_genre_map.csv, 09_DECISIONS.md §4 krok 1)"
0728IbnTaymiyya.SharhCaqidaIsfahaniyya.JK000375-ara1,0728IbnTaymiyya.SharhCaqidaIsfahaniyya,0728IbnTaymiyya,theology,title,other,standard,fallback tytulowy → theology (09_DECISIONS.md §4 krok 2)
0728IbnTaymiyya.TahqiqQawlFiMasalatCisa.Shamela0022667-ara1,0728IbnTaymiyya.TahqiqQawlFiMasalatCisa,0728IbnTaymiyya,theology,title,other,standard,fallback tytulowy → theology (09_DECISIONS.md §4 krok 2)
0728IbnTaymiyya.ZiyaratQubur.JK000355-ara1,0728IbnTaymiyya.ZiyaratQubur,0728IbnTaymiyya,theology,tag:_CAQAID,other,standard,"tag OpenITI _CAQAID → theology (data/reference/openiti_tag_genre_map.csv, 09_DECISIONS.md §4 krok 1)"
0748Dhahabi.Culuww.Shamela0006463-ara1,0748Dhahabi.Culuww,0748Dhahabi,theology,tag:_CAQAID,hadith_collection,standard,"tag OpenITI _CAQAID → theology (data/reference/openiti_tag_genre_map.csv, 09_DECISIONS.md §4 krok 1)"
0748Dhahabi.MuntaqaMinMinhajIctidal.JK001173-ara1,0748Dhahabi.MuntaqaMinMinhajIctidal,0748Dhahabi,theology,tag:_CAQAID,hadith_collection,standard,"tag OpenITI _CAQAID → theology (data/reference/openiti_tag_genre_map.csv, 09_DECISIONS.md §4 krok 1)"
0748Dhahabi.MuqaddimaZahra.Shamela0036949-ara1,0748Dhahabi.MuqaddimaZahra,0748Dhahabi,theology,tag:_CAQAID,hadith_collection,standard,"tag OpenITI _CAQAID → theology (data/reference/openiti_tag_genre_map.csv, 09_DECISIONS.md §4 krok 1)"
0751IbnQayyimJawziyya.FawaidHadithiyya.ShamAY0034405-ara1,0751IbnQayyimJawziyya.FawaidHadithiyya,0751IbnQayyimJawziyya,theology,title,other,standard,fallback tytulowy → theology (09_DECISIONS.md §4 krok 2)
0751IbnQayyimJawziyya.KalamCalaMasalatSamac.Sham19Y0018318-ara1,0751IbnQayyimJawziyya.KalamCalaMasalatSamac,0751IbnQayyimJawziyya,theology,title,other,standard,fallback tytulowy → theology (09_DECISIONS.md §4 krok 2)
0751IbnQayyimJawziyya.RuhFiKalam.JK000056-ara1,0751IbnQayyimJawziyya.RuhFiKalam,0751IbnQayyimJawziyya,theology,title,other,standard,fallback tytulowy → theology (09_DECISIONS.md §4 krok 2)
0751IbnQayyimJawziyya.SawaciqMursala.JK000101-ara1,0751IbnQayyimJawziyya.SawaciqMursala,0751IbnQayyimJawziyya,theology,tag:_CAQAID,other,standard,"tag OpenITI _CAQAID → theology (data/reference/openiti_tag_genre_map.csv, 09_DECISIONS.md §4 krok 1)"
0774IbnKathir.NihayaFiFitan.JK009265-ara1,0774IbnKathir.NihayaFiFitan,0774IbnKathir,theology,tag:_CAQAID,history,standard,"tag OpenITI _CAQAID → theology (data/reference/openiti_tag_genre_map.csv, 09_DECISIONS.md §4 krok 1)"
0845Maqrizi.TajridTawhid.Shamela0010045-ara1,0845Maqrizi.TajridTawhid,0845Maqrizi,theology,tag:_CAQAID,other,standard,"tag OpenITI _CAQAID → theology (data/reference/openiti_tag_genre_map.csv, 09_DECISIONS.md §4 krok 1)"
0852IbnHajarCasqalani.JuzFihiKalamCalaHadithInnaAwlaNas.ShamAY0033577-ara1,0852IbnHajarCasqalani.JuzFihiKalamCalaHadithInnaAwlaNas,0852IbnHajarCasqalani,theology,title,hadith_collection,standard,fallback tytulowy → theology (09_DECISIONS.md §4 krok 2)
0852IbnHajarCasqalani.KalamCalaHadithImraati.ShamAY0035242-ara1,0852IbnHajarCasqalani.KalamCalaHadithImraati,0852IbnHajarCasqalani,theology,title,hadith_collection,standard,fallback tytulowy → theology (09_DECISIONS.md §4 krok 2)
0885BurhanDinBiqaci.MasracTasawwuf.JK000066-ara1,0885BurhanDinBiqaci.MasracTasawwuf,0885BurhanDinBiqaci,theology,tag:_CAQAID,other,standard,"tag OpenITI _CAQAID → theology (data/reference/openiti_tag_genre_map.csv, 09_DECISIONS.md §4 krok 1)"
